accession_id,accession_prefix,accession_number,accession_suffix,observation_value,coded_name,method_name,plant_name,taxon,origin,source_type_code,latitude,longitude,data_quality_code,original_value,frequency,low,hign,mean,sdev,ssize,inventory_prefix,inventory_number,inventory_suffix,note
1001511,PI,588752,,1,FBBLNAT,APPLE.FIREBLIGHT,IRA 38-1,Malus x platycarpa,United States,DONATED,,,,,,,,,,,PI,588752,,
1001695,PI,588758,,1,FBBLNAT,APPLE.FIREBLIGHT,Vinti Sdlg. 101D,Malus prunifolia,United States,DONATED,,,,,,,,,,,PI,588758,,
1001884,PI,588765,,1,FBBLNAT,APPLE.FIREBLIGHT,Korea Wild Apple,Malus baccata,"Korea, South",COLLECTED,,,,,,,,,,,PI,588765,,
1002000,PI,588768,,1,FBBLNAT,APPLE.FIREBLIGHT,Manchu,Malus hybr.,United States,DONATED,,,,,,,,,,,PI,588768,,
1002583,PI,588790,,1,FBBLNAT,APPLE.FIREBLIGHT,Bisbee,Malus domestica,United States,COLLECTED,,,,,,,,,,,PI,588790,,
1003008,PI,588809,,1,FBBLNAT,APPLE.FIREBLIGHT,Sparkler,Malus hybr.,United States,DONATED,,,,,,,,,,,PI,588809,,
1003314,PI,588822,,1,FBBLNAT,APPLE.FIREBLIGHT,Red Splendor,Malus hybr.,Canada,DONATED,,,,,,,,,,,PI,588822,,
1003349,PI,588824,,1,FBBLNAT,APPLE.FIREBLIGHT,Almey,Malus hybr.,Canada,DEVELOPED,,,,,,,,,,,PI,588824,,
1003763,PI,588847,,1,FBBLNAT,APPLE.FIREBLIGHT,GMAL 162,Malus x platycarpa,United States,COLLECTED,,,,,,,,,,,PI,588847,,
1003799,PI,588849,,1,FBBLNAT,APPLE.FIREBLIGHT,Russian,Malus domestica,Unknown,COLLECTED,,,,,,,,,,,PI,588849,,
1004046,PI,588864,,1,FBBLNAT,APPLE.FIREBLIGHT,Liset (Crab),Malus hybr.,Canada,DONATED,,,,,,,,,,,PI,588864,,
1004092,PI,588866,,1,FBBLNAT,APPLE.FIREBLIGHT,Kerr,Malus hybr.,Canada,DEVELOPED,,,,,,,,,,,PI,588866,,
1004185,PI,588874,,1,FBBLNAT,APPLE.FIREBLIGHT,Nertchinsk,Malus baccata,Canada,DONATED,,,,,,,,,,,PI,588874,,
1004204,PI,588876,,1,FBBLNAT,APPLE.FIREBLIGHT,Makamik,Malus hybr.,Canada,DEVELOPED,,,,,,,,,,,PI,588876,,
1004268,PI,588882,,1,FBBLNAT,APPLE.FIREBLIGHT,Ottawa 7,Malus hybr.,Canada,DONATED,,,,,,,,,,,PI,588882,,
1004328,PI,588887,,1,FBBLNAT,APPLE.FIREBLIGHT,Profusion,Malus hybr.,Netherlands,DEVELOPED,,,,,,,,,,,PI,588887,,
1004478,PI,588898,,1,FBBLNAT,APPLE.FIREBLIGHT,GMAL 220,Malus x adstringens,United States,DONATED,,,,,,,,,,,PI,588898,,
1004526,PI,588901,,1,FBBLNAT,APPLE.FIREBLIGHT,Tina,Malus sargentii,United States,DONATED,,,,,,,,,,,PI,588901,,
1004548,PI,588902,,1,FBBLNAT,APPLE.FIREBLIGHT,Gwendolyn,Malus hybr.,United States,DONATED,,,,,,,,,,,PI,588902,,
1004563,PI,588903,,1,FBBLNAT,APPLE.FIREBLIGHT,Siberian Crab,Malus baccata,United States,DONATED,,,,,,,,,,,PI,588903,,
1004626,PI,588906,,1,FBBLNAT,APPLE.FIREBLIGHT,Macrocarpa,Malus toringoides,United States,DEVELOPED,,,,,,,,,,,PI,588906,,
1004654,PI,588910,,1,FBBLNAT,APPLE.FIREBLIGHT,Snowcap,Malus hybr.,Canada,DEVELOPED,,,,,,,,,,,PI,588910,,
1004673,PI,588912,,1,FBBLNAT,APPLE.FIREBLIGHT,Indian Magic,Malus hybr.,United States,DONATED,,,,,,,,,,,PI,588912,,
1004696,PI,588915,,1,FBBLNAT,APPLE.FIREBLIGHT,Beverly,Malus hybr.,United States,DONATED,,,,,,,,,,,PI,588915,,
1004716,PI,588917,,1,FBBLNAT,APPLE.FIREBLIGHT,Riversii,Malus spectabilis,United States,DONATED,,,,,,,,,,,PI,588917,,
1004772,PI,588925,,1,FBBLNAT,APPLE.FIREBLIGHT,Nova,Malus ioensis,United States,DEVELOPED,,,,,,,,,,,PI,588925,,
1006188,PI,588959,,1,FBBLNAT,APPLE.FIREBLIGHT,GMAL 422,Malus x magdeburgensis,United States,DONATED,,,,,,,,,,,PI,588959,,
1006715,PI,588992,,1,FBBLNAT,APPLE.FIREBLIGHT,White Angel,Malus hybr.,United States,DEVELOPED,,,,,,,,,,,PI,588992,,
1006970,PI,589009,,1,FBBLNAT,APPLE.FIREBLIGHT,NA 40298,Malus hybr.,United States,DEVELOPED,,,,,,,,,,,PI,589009,,
1007013,PI,589013,,1,FBBLNAT,APPLE.FIREBLIGHT,Spontanea,Malus halliana,Unknown,COLLECTED,,,,,,,,,,,PI,589013,,
1007134,PI,589021,,1,FBBLNAT,APPLE.FIREBLIGHT,Young America,Malus domestica,United States,DONATED,,,,,,,,,,,PI,589021,,
1007595,PI,148490,,1,FBBLNAT,APPLE.FIREBLIGHT,Babine,Malus hybr.,United States,DONATED,,,,,,,,,,,PI,148490,,
1008002,PI,589056,,1,FBBLNAT,APPLE.FIREBLIGHT,Redford,Malus domestica,United States,DEVELOPED,,,,,,,,,,,PI,589056,,
1008011,PI,589057,,1,FBBLNAT,APPLE.FIREBLIGHT,Cowichan,Malus hybr.,Canada,DEVELOPED,,,,,,,,,,,PI,589057,,
1008671,PI,589090,,1,FBBLNAT,APPLE.FIREBLIGHT,Sentinel,Malus hybr.,United States,DEVELOPED,,,,,,,,,,,PI,589090,,
1008737,PI,589092,,1,FBBLNAT,APPLE.FIREBLIGHT,Hunter Ottawa 244 4X,Malus domestica,United States,DONATED,,,,,,,,,,,PI,589092,,
1008765,PI,589094,,1,FBBLNAT,APPLE.FIREBLIGHT,Wellington Bloomless,Malus domestica,,DEVELOPED,,,,,,,,,,,PI,589094,,
1008890,PI,148503,,1,FBBLNAT,APPLE.FIREBLIGHT,Wabiskaw,Malus domestica,United States,DONATED,,,,,,,,,,,PI,148503,,
1010509,PI,589155,,1,FBBLNAT,APPLE.FIREBLIGHT,Manito,Malus domestica,United States,DONATED,,,,,,,,,,,PI,589155,,
1010669,PI,589161,,1,FBBLNAT,APPLE.FIREBLIGHT,M. sieboldii hybrid,Malus hybr.,Unknown,COLLECTED,,,,,,,,,,,PI,589161,,
1010777,PI,589170,,1,FBBLNAT,APPLE.FIREBLIGHT,GMAL 1021,Malus brevipes,United States,DONATED,,,,,,,,,,,PI,589170,,
1011080,PI,589180,,1,FBBLNAT,APPLE.FIREBLIGHT,Cranberry,Malus hybr.,United States,DEVELOPED,,,,,,,,,,,PI,589180,,
1011987,PI,589211,,1,FBBLNAT,APPLE.FIREBLIGHT,Redfield,Malus domestica,United States,DEVELOPED,,,,,,,,,,,PI,589211,,
1012726,PI,589241,,1,FBBLNAT,APPLE.FIREBLIGHT,Prairie Rose,Malus ioensis,United States,DEVELOPED,,,,,,,,,,,PI,589241,,
1012860,PI,589244,,1,FBBLNAT,APPLE.FIREBLIGHT,Simpson (10-35),Malus hybr.,United States,DEVELOPED,,,,,,,,,,,PI,589244,,
1013003,PI,589252,,1,FBBLNAT,APPLE.FIREBLIGHT,Rosedale,Malus hybr.,United States,DONATED,,,,,,,,,,,PI,589252,,
1013029,PI,589253,,1,FBBLNAT,APPLE.FIREBLIGHT,Carmine Crab,Malus x atrosanguinea,United States,DONATED,,,,,,,,,,,PI,589253,,
1013167,PI,589259,,1,FBBLNAT,APPLE.FIREBLIGHT,Calocarpa,Malus zumi,United States,DONATED,,,,,,,,,,,PI,589259,,
1013183,PI,589260,,1,FBBLNAT,APPLE.FIREBLIGHT,GMAL 1350,Malus x dawsoniana,United States,DONATED,,,,,,,,,,,PI,589260,,
1013198,PI,589261,,1,FBBLNAT,APPLE.FIREBLIGHT,AA852,Malus hybr.,United States,DONATED,,,,,,,,,,,PI,589261,,
1015722,PI,589366,,1,FBBLNAT,APPLE.FIREBLIGHT,Dorothea,Malus hybr.,United States,DEVELOPED,,,,,,,,,,,PI,589366,,
1015748,PI,589368,,1,FBBLNAT,APPLE.FIREBLIGHT,GMAL 1732,Malus sargentii,United States,DONATED,,,,,,,,,,,PI,589368,,
1015836,PI,589377,,1,FBBLNAT,APPLE.FIREBLIGHT,GMAL 1745,Malus sikkimensis,United States,DONATED,,,,,,,,,,,PI,589377,,
1015878,PI,589380,,1,FBBLNAT,APPLE.FIREBLIGHT,GMAL 1750,Malus sieversii var. kirghisorum,United States,DONATED,,,,,,,,,,,PI,589380,,
1016313,PI,589386,,1,FBBLNAT,APPLE.FIREBLIGHT,M. lancifolia,Malus spp.,United Kingdom,DONATED,,,,,,,,,,,PI,589386,,
1016321,PI,589388,,1,FBBLNAT,APPLE.FIREBLIGHT,Kingsmere,Malus hybr.,United Kingdom,DONATED,,,,,,,,,,,PI,589388,,
1016419,PI,589401,,1,FBBLNAT,APPLE.FIREBLIGHT,Calva,Malus kansuensis,United Kingdom,DONATED,,,,,,,,,,,PI,589401,,
1016477,PI,589406,,1,FBBLNAT,APPLE.FIREBLIGHT,GMAL 1848,Malus ioensis,United States,DONATED,,,,,,,,,,,PI,589406,,
1016507,PI,589409,,1,FBBLNAT,APPLE.FIREBLIGHT,M. bracteata,Malus spp.,United States,DEVELOPED,,,,,,,,,,,PI,589409,,
1016549,PI,589413,,1,FBBLNAT,APPLE.FIREBLIGHT,M. flexilis,Malus spp.,United States,DONATED,,,,,,,,,,,PI,589413,,
1016606,PI,589421,,1,FBBLNAT,APPLE.FIREBLIGHT,M. rockii,Malus spp.,United States,DONATED,,,,,,,,,,,PI,589421,,
1016628,PI,589423,,1,FBBLNAT,APPLE.FIREBLIGHT,GMAL 1870,Malus coronaria,United States,DONATED,,,,,,,,,,,PI,589423,,
1016642,PI,589425,,1,FBBLNAT,APPLE.FIREBLIGHT,Dasyealyx,Malus coronaria,United States,DONATED,,,,,,,,,,,PI,589425,,
1017235,PI,589449,,1,FBBLNAT,APPLE.FIREBLIGHT,Profusion,Malus x moerlandsii,Canada,DONATED,,,,,,,,,,,PI,589449,,
1017271,PI,589453,,1,FBBLNAT,APPLE.FIREBLIGHT,Ottawa 546,Malus domestica,Canada,DONATED,,,,,,,,,,,PI,589453,,
1017620,PI,589499,,1,FBBLNAT,APPLE.FIREBLIGHT,Purple Wave,Malus hybr.,Canada,DONATED,,,,,,,,,,,PI,589499,,
1017672,PI,589506,,1,FBBLNAT,APPLE.FIREBLIGHT,Hoser,Malus hybr.,Canada,DONATED,,,,,,,,,,,PI,589506,,
1017687,PI,589508,,1,FBBLNAT,APPLE.FIREBLIGHT,Kobenza,Malus hybr.,Canada,DONATED,,,,,,,,,,,PI,589508,,
1017777,PI,589519,,1,FBBLNAT,APPLE.FIREBLIGHT,Trailman,Malus hybr.,Canada,DEVELOPED,,,,,,,,,,,PI,589519,,
1017905,PI,589536,,1,FBBLNAT,APPLE.FIREBLIGHT,Litevsky Jadernac,Malus domestica,Czech Republic,DONATED,,,,,,,,,,,PI,589536,,
1018063,PI,589560,,1,FBBLNAT,APPLE.FIREBLIGHT,Livadiyskoye,Malus domestica,Ukraine,DEVELOPED,,,,,,,,,,,PI,589560,,
1018367,PI,589599,,1,FBBLNAT,APPLE.FIREBLIGHT,GMAL 2122,Malus sikkimensis,Belgium,DONATED,,,,,,,,,,,PI,589599,,
1018488,PI,589617,,1,FBBLNAT,APPLE.FIREBLIGHT,Waubay,Malus hybr.,United States,DEVELOPED,,,,,,,,,,,PI,589617,,
1018543,PI,589625,,1,FBBLNAT,APPLE.FIREBLIGHT,Cappy,Malus hybr.,United States,DEVELOPED,,,,,,,,,,,PI,589625,,
1018579,PI,589631,,1,FBBLNAT,APPLE.FIREBLIGHT,Ben Trio,Malus hybr.,United States,DEVELOPED,,,,,,,,,,,PI,589631,,
1018590,PI,589633,,1,FBBLNAT,APPLE.FIREBLIGHT,Max Trio,Malus hybr.,United States,DEVELOPED,,,,,,,,,,,PI,589633,,
1018647,PI,589643,,1,FBBLNAT,APPLE.FIREBLIGHT,Nevis,Malus hybr.,United States,DEVELOPED,,,,,,,,,,,PI,589643,,
1019545,PI,589727,,1,FBBLNAT,APPLE.FIREBLIGHT,GMAL 2309,Malus angustifolia,United States,COLLECTED,,,,,,,,,,,PI,589727,,
1019547,PI,589728,,1,FBBLNAT,APPLE.FIREBLIGHT,GMAL 2310,Malus coronaria,United States,COLLECTED,,,,,,,,,,,PI,589728,,
1019571,PI,589731,,1,FBBLNAT,APPLE.FIREBLIGHT,Henning,Malus hybr.,United States,DONATED,,,,,,,,,,,PI,589731,,
1019611,PI,589737,,1,FBBLNAT,APPLE.FIREBLIGHT,Freeman Hybrid,Malus hybr.,United States,DONATED,,,,,,,,,,,PI,589737,,
1019718,PI,589749,,1,FBBLNAT,APPLE.FIREBLIGHT,GMAL 2333,Malus toringo,United States,DONATED,,,,,,,,,,,PI,589749,,
1019719,PI,589750,,1,FBBLNAT,APPLE.FIREBLIGHT,GMAL 2334,Malus sikkimensis,United States,DONATED,,,,,,,,,,,PI,589750,,
1019772,PI,589756,,1,FBBLNAT,APPLE.FIREBLIGHT,GMAL 2340,Malus hupehensis,United States,DONATED,,,,,,,,,,,PI,589756,,
1019787,PI,589757,,1,FBBLNAT,APPLE.FIREBLIGHT,GMAL 2341,Malus halliana,United States,DONATED,,,,,,,,,,,PI,589757,,
1019976,PI,589767,,1,FBBLNAT,APPLE.FIREBLIGHT,GMAL 2368,Malus angustifolia,United States,COLLECTED,,,,,,,,,,,PI,589767,,
1019988,PI,589768,,1,FBBLNAT,APPLE.FIREBLIGHT,GMAL 2369,Malus coronaria,United States,COLLECTED,,,,,,,,,,,PI,589768,,
1020004,PI,589770,,1,FBBLNAT,APPLE.FIREBLIGHT,GMAL 2371,Malus angustifolia,United States,COLLECTED,,,,,,,,,,,PI,589770,,
1020019,PI,589771,,1,FBBLNAT,APPLE.FIREBLIGHT,GMAL 2373,Malus angustifolia,United States,COLLECTED,,,,,,,,,,,PI,589771,,
1020035,PI,589773,,1,FBBLNAT,APPLE.FIREBLIGHT,GMAL 2375,Malus angustifolia,United States,COLLECTED,,,,,,,,,,,PI,589773,,
1020213,PI,589774,,1,FBBLNAT,APPLE.FIREBLIGHT,PRI 1661-1,Malus hybr.,United States,DEVELOPED,,,,,,,,,,,PI,589774,,
1020229,PI,589777,,1,FBBLNAT,APPLE.FIREBLIGHT,PRI 1918-1,Malus hybr.,United States,DEVELOPED,,,,,,,,,,,PI,589777,,
1020277,PI,589784,,1,FBBLNAT,APPLE.FIREBLIGHT,PRI 478-33,Malus hybr.,United States,DEVELOPED,,,,,,,,,,,PI,589784,,
1020291,PI,589786,,1,FBBLNAT,APPLE.FIREBLIGHT,PRI 77-1,Malus hybr.,United States,DEVELOPED,,,,,,,,,,,PI,589786,,
1020308,PI,589789,,1,FBBLNAT,APPLE.FIREBLIGHT,PRI 1744-1,Malus hybr.,United States,DEVELOPED,,,,,,,,,,,PI,589789,,
1020338,PI,589793,,1,FBBLNAT,APPLE.FIREBLIGHT,PRI 612,Malus hybr.,United States,DEVELOPED,,,,,,,,,,,PI,589793,,
1020539,PI,589820,,1,FBBLNAT,APPLE.FIREBLIGHT,Prairie Fire,Malus hybr.,United States,DEVELOPED,,,,,,,,,,,PI,589820,,
1020609,PI,589826,,1,FBBLNAT,APPLE.FIREBLIGHT,PRI 2175-24,Malus hybr.,United States,DEVELOPED,,,,,,,,,,,PI,589826,,
1020673,PI,589834,,1,FBBLNAT,APPLE.FIREBLIGHT,GMAL 2472,Malus sikkimensis,United States,DEVELOPED,,,,,,,,,,,PI,589834,,
1021591,PI,589867,,1,FBBLNAT,APPLE.FIREBLIGHT,GMAL 2704,Malus x hartwigii,United States,DONATED,,,,,,,,,,,PI,589867,,
1021597,PI,589868,,1,FBBLNAT,APPLE.FIREBLIGHT,GMAL 2705,Malus x hartwigii,United States,DONATED,,,,,,,,,,,PI,589868,,
1022009,PI,589917,,1,FBBLNAT,APPLE.FIREBLIGHT,Jamba,Malus domestica,Netherlands,DONATED,,,,,,,,,,,PI,589917,,
1022291,PI,589957,,1,FBBLNAT,APPLE.FIREBLIGHT,MA #1255,Malus toringo,United States,DONATED,,,,,,,,,,,PI,589957,,
1022430,PI,589976,,1,FBBLNAT,APPLE.FIREBLIGHT,GMAL 2892,Malus coronaria,Canada,COLLECTED,,,,,,,,,,,PI,589976,,
1022585,PI,590006,,1,FBBLNAT,APPLE.FIREBLIGHT,GMAL 2928,Malus ioensis,United States,COLLECTED,,,,,,,,,,,PI,590006,,
1022593,PI,590008,,1,FBBLNAT,APPLE.FIREBLIGHT,GMAL 2930,Malus ioensis,United States,COLLECTED,,,,,,,,,,,PI,590008,,
1023421,PI,590031,,1,FBBLNAT,APPLE.FIREBLIGHT,GMAL 3146,Malus baccata,China,COLLECTED,,,,,,,,,,,PI,590031,,
1023428,PI,590032,,1,FBBLNAT,APPLE.FIREBLIGHT,GMAL 3147,Malus halliana,China,COLLECTED,,,,,,,,,,,PI,590032,,
1023434,PI,590034,,1,FBBLNAT,APPLE.FIREBLIGHT,GMAL 3149,Malus floribunda,Unknown,COLLECTED,,,,,,,,,,,PI,590034,,
1023444,PI,590039,,1,FBBLNAT,APPLE.FIREBLIGHT,GMAL 3154,Malus fusca,United States,COLLECTED,,,,,,,,,,,PI,590039,,
1023456,PI,590043,,1,FBBLNAT,APPLE.FIREBLIGHT,GMAL 3158,Malus sieversii var. kirghisorum,Unknown,COLLECTED,,,,,,,,,,,PI,590043,,
1023462,PI,590044,,1,FBBLNAT,APPLE.FIREBLIGHT,GMAL 3159,Malus orientalis,Unknown,COLLECTED,,,,,,,,,,,PI,590044,,
1023495,PI,590053,,1,FBBLNAT,APPLE.FIREBLIGHT,GMAL 3169,Malus baccata,China,COLLECTED,,,,,,,,,,,PI,590053,,
1023496,PI,590054,,1,FBBLNAT,APPLE.FIREBLIGHT,GMAL 3170,Malus baccata,China,COLLECTED,,,,,,,,,,,PI,590054,,
1023505,PI,590056,,1,FBBLNAT,APPLE.FIREBLIGHT,GMAL 3172,Malus baccata,China,COLLECTED,,,,,,,,,,,PI,590056,,
1024563,PI,590109,,1,FBBLNAT,APPLE.FIREBLIGHT,GMAL 3390,Malus baccata,China,COLLECTED,,,,,,,,,,,PI,590109,,
1024966,PI,590187,,1,FBBLNAT,APPLE.FIREBLIGHT,Rouville,Malus domestica,Canada,DEVELOPED,,,,,,,,,,,PI,590187,,
1112238,PI,589269,,1,FBBLNAT,APPLE.FIREBLIGHT,Golden Spires,Malus hybr.,Unknown,COLLECTED,,,,,,,,,,,PI,589269,,
1112245,PI,589274,,1,FBBLNAT,APPLE.FIREBLIGHT,Masek,Malus hybr.,United States,DONATED,,,,,,,,,,,PI,589274,,
1112254,PI,589279,,1,FBBLNAT,APPLE.FIREBLIGHT,M. rockii,Malus hybr.,United States,DONATED,,,,,,,,,,,PI,589279,,
1128379,PI,105528,,1,FBBLNAT,APPLE.FIREBLIGHT,Repinaldo de Liebana,Malus domestica,Spain,DONATED,,,,,,,,,,,PI,105528,,
1132247,PI,122586,,1,FBBLNAT,APPLE.FIREBLIGHT,85,Malus hupehensis,United States,DEVELOPED,,,,,,,,,,,PI,122586,,
1133290,PI,127703,,1,FBBLNAT,APPLE.FIREBLIGHT,Oxbo,Malus domestica,United States,DEVELOPED,,,,,,,,,,,PI,127703,,
1136004,PI,148421,,1,FBBLNAT,APPLE.FIREBLIGHT,Siberian Crab,Malus baccata,United States,DEVELOPED,,,,,,,,,,,PI,148421,,
1139518,PI,161757,,1,FBBLNAT,APPLE.FIREBLIGHT,Bellefleur de Brabant Rouge,Malus domestica,France,DONATED,,,,,,,,,,,PI,161757,,
1139523,PI,161760,,1,FBBLNAT,APPLE.FIREBLIGHT,Doucet Rouge,Malus domestica,France,DONATED,,,,,,,,,,,PI,161760,,
1176401,PI,215543,,1,FBBLNAT,APPLE.FIREBLIGHT,Red Siberian,Malus x robusta,United Kingdom,DEVELOPED,,,,,,,,,,,PI,215543,,
1189945,PI,247025,,1,FBBLNAT,APPLE.FIREBLIGHT,Huidobro,Malus domestica,Denmark,DONATED,,,,,,,,,,,PI,247025,,
1222598,PI,293888,,1,FBBLNAT,APPLE.FIREBLIGHT,Rozovoe,Malus domestica,Soviet Union,DEVELOPED,,,,,,,,,,,PI,293888,,
1229873,PI,307500,,1,FBBLNAT,APPLE.FIREBLIGHT,Golden Gem,Malus prunifolia,Germany,DONATED,,,,,,,,,,,PI,307500,,
1235953,PI,316482,,1,FBBLNAT,APPLE.FIREBLIGHT,Amelia,Malus domestica,Brazil,DONATED,,,,,,,,,,,PI,316482,,
1256736,PI,344089,,1,FBBLNAT,APPLE.FIREBLIGHT,Hillieri,Malus floribunda,United Kingdom,DEVELOPED,,,,,,,,,,,PI,344089,,
1331984,PI,437048,,1,FBBLNAT,APPLE.FIREBLIGHT,Shelley,Malus hybr.,Canada,DONATED,,,,,,,,,,,PI,437048,,
1498666,PI,613971,,1,FBBLNAT,APPLE.FIREBLIGHT,KAZ 95 06-01,Malus sieversii,Kazakhstan,COLLECTED,47.27,81.57361111,,,,,,,,,PI,613971,,
1498667,PI,613972,,1,FBBLNAT,APPLE.FIREBLIGHT,KAZ 95 06-08,Malus sieversii,Kazakhstan,COLLECTED,47.27,81.57361111,,,,,,,,,PI,613972,,
1498668,PI,613973,,1,FBBLNAT,APPLE.FIREBLIGHT,KAZ 95 07-02,Malus sieversii,Kazakhstan,COLLECTED,47.27055556,81.57916667,,,,,,,,,PI,613973,,
1519448,PI,594095,,1,FBBLNAT,APPLE.FIREBLIGHT,GMAL 1461,Malus orientalis,Unknown,COLLECTED,,,,,,,,,,,PI,594095,.c,
1519449,PI,594096,,1,FBBLNAT,APPLE.FIREBLIGHT,GMAL 1497,Malus x micromalus,United States,DONATED,,,,,,,,,,,PI,594096,.a,
1519456,PI,594100,,1,FBBLNAT,APPLE.FIREBLIGHT,GMAL 1880,Malus spectabilis,China,COLLECTED,,,,,,,,,,,PI,594100,.a,
1600228,PI,613798,,1,FBBLNAT,APPLE.FIREBLIGHT,GMAL 277.d1,Malus x micromalus,United States,DONATED,,,,,,,,,,,PI,613798,.d,
1600230,PI,613802,,1,FBBLNAT,APPLE.FIREBLIGHT,Rinkii,Malus prunifolia,United States,DONATED,,,,,,,,,,,PI,613802,.e,
1600231,PI,613804,,1,FBBLNAT,APPLE.FIREBLIGHT,#379,Malus mandshurica,United States,DONATED,,,,,,,,,,,PI,613804,.a,
1600232,PI,613806,,1,FBBLNAT,APPLE.FIREBLIGHT,GMAL 365.j1,Malus toringo,United States,DONATED,,,,,,,,,,,PI,613806,.j,
1600239,PI,613822,,1,FBBLNAT,APPLE.FIREBLIGHT,GMAL 1497.b1,Malus x micromalus,United States,DONATED,,,,,,,,,,,PI,613822,.b,
1600243,PI,613837,,1,FBBLNAT,APPLE.FIREBLIGHT,GMAL 1881.a1,Malus toringo,China,COLLECTED,,,,,,,,,,,PI,613837,.a,
1600245,PI,613843,,1,FBBLNAT,APPLE.FIREBLIGHT,GMAL 1884.a1,Malus baccata,China,COLLECTED,,,,,,,,,,,PI,613843,.a,
1600250,PI,613851,,1,FBBLNAT,APPLE.FIREBLIGHT,GMAL 2251.b1,Malus sieversii var. turkmenorum,Russian Federation,DONATED,,,,,,,,,,,PI,613851,.b,
1600253,PI,613856,,1,FBBLNAT,APPLE.FIREBLIGHT,GMAL 2289.a1,Malus sieversii,Russian Federation,DONATED,,,,,,,,,,,PI,613856,.a,
1600268,PI,613882,,1,FBBLNAT,APPLE.FIREBLIGHT,GMAL 2563.g1,Malus angustifolia,United States,COLLECTED,35.82222222,-82.61111111,,,,,,,,,PI,613882,.g,
1600272,PI,613886,,1,FBBLNAT,APPLE.FIREBLIGHT,GMAL 2591.a1,Malus fusca,United States,COLLECTED,44.51861111,-124.0722222,,,,,,,,,PI,613886,.a,
1600293,PI,613801,,1,FBBLNAT,APPLE.FIREBLIGHT,GMAL 278.e1,Malus x micromalus,United States,DONATED,,,,,,,,,,,PI,613801,.e,
1600296,PI,613808,,1,FBBLNAT,APPLE.FIREBLIGHT,GMAL 392.d1,Malus baccata,United States,DONATED,,,,,,,,,,,PI,613808,.d,
1600299,PI,613825,,1,FBBLNAT,APPLE.FIREBLIGHT,GMAL 1522.d1,Malus prunifolia,"Korea, South",COLLECTED,,,,,,,,,,,PI,613825,.d,
1001386,PI,588748,,2,FBBLNAT,APPLE.FIREBLIGHT,BII,Malus domestica,United States,DONATED,,,,,,,,,,,PI,588748,,
1001547,PI,588754,,2,FBBLNAT,APPLE.FIREBLIGHT,Gloriosa,Malus mandshurica,United States,DONATED,,,,,,,,,,,PI,588754,,
1002429,PI,588783,,2,FBBLNAT,APPLE.FIREBLIGHT,Stark Earliest,Malus domestica,United States,DONATED,,,,,,,,,,,PI,588783,,
1002486,PI,588786,,2,FBBLNAT,APPLE.FIREBLIGHT,Red Jade,Malus hybr.,United States,DEVELOPED,,,,,,,,,,,PI,588786,,
1002524,PI,588788,,2,FBBLNAT,APPLE.FIREBLIGHT,Wealthy,Malus domestica,United States,DEVELOPED,,,,,,,,,,,PI,588788,,
1002624,PI,588792,,2,FBBLNAT,APPLE.FIREBLIGHT,Hawaii,Malus domestica,United States,DONATED,,,,,,,,,,,PI,588792,,
1002710,PI,588797,,2,FBBLNAT,APPLE.FIREBLIGHT,Delcon,Malus domestica,United States,DONATED,,,,,,,,,,,PI,588797,,
1002832,PI,588803,,2,FBBLNAT,APPLE.FIREBLIGHT,Chestnut Crab,Malus domestica,United States,DEVELOPED,,,,,,,,,,,PI,588803,,
1003191,PI,588816,,2,FBBLNAT,APPLE.FIREBLIGHT,M.7,Malus domestica,United Kingdom,COLLECTED,,,,,,,,,,,PI,588816,,
1003271,PI,588820,,2,FBBLNAT,APPLE.FIREBLIGHT,Wayne,Malus domestica,United States,DEVELOPED,,,,,,,,,,,PI,588820,,
1003297,PI,588821,,2,FBBLNAT,APPLE.FIREBLIGHT,Patul,Malus domestica,Romania,COLLECTED,,,,,,,,,,,PI,588821,,
1003391,PI,588825,,2,FBBLNAT,APPLE.FIREBLIGHT,Robusta 5,Malus x robusta,Canada,DEVELOPED,,,,,,,,,,,PI,588825,,
1003812,PI,588850,,2,FBBLNAT,APPLE.FIREBLIGHT,Rome Beauty Law,Malus domestica,Unknown,COLLECTED,,,,,,,,,,,PI,588850,,
1003830,PI,588851,,2,FBBLNAT,APPLE.FIREBLIGHT,Budagovsky 57-491,Malus domestica,Soviet Union,DEVELOPED,,,,,,,,,,,PI,588851,,
1003935,PI,588857,,2,FBBLNAT,APPLE.FIREBLIGHT,Caravel,Malus domestica,Canada,DEVELOPED,,,,,,,,,,,PI,588857,,
1004029,PI,588863,,2,FBBLNAT,APPLE.FIREBLIGHT,Jerseymac,Malus domestica,United States,DEVELOPED,,,,,,,,,,,PI,588863,,
1004148,PI,588870,,2,FBBLNAT,APPLE.FIREBLIGHT,Dolgo,Malus hybr.,Soviet Union,DEVELOPED,,,,,,,,,,,PI,588870,,
1004286,PI,588884,,2,FBBLNAT,APPLE.FIREBLIGHT,Lord Lambourne,Malus domestica,United Kingdom,DEVELOPED,,,,,,,,,,,PI,588884,,
1004720,PI,588918,,2,FBBLNAT,APPLE.FIREBLIGHT,GMAL 246,Malus floribunda,United States,DONATED,,,,,,,,,,,PI,588918,,
1005005,PI,588942,,2,FBBLNAT,APPLE.FIREBLIGHT,Julyred,Malus domestica,United States,DEVELOPED,,,,,,,,,,,PI,588942,,
1005016,PI,588943,,2,FBBLNAT,APPLE.FIREBLIGHT,Liberty,Malus domestica,United States,DONATED,,,,,,,,,,,PI,588943,,
1005858,PI,588947,,2,FBBLNAT,APPLE.FIREBLIGHT,Radiant,Malus hybr.,United States,DEVELOPED,,,,,,,,,,,PI,588947,,
1006200,PI,588960,,2,FBBLNAT,APPLE.FIREBLIGHT,Rockii,Malus baccata,United States,DONATED,,,,,,,,,,,PI,588960,,
1006375,PI,588966,,2,FBBLNAT,APPLE.FIREBLIGHT,Bracteata,Malus coronaria,United States,COLLECTED,,,,,,,,,,,PI,588966,,
1006638,PI,588984,,2,FBBLNAT,APPLE.FIREBLIGHT,Kensib,Malus hybr.,United States,DEVELOPED,,,,,,,,,,,PI,588984,,
1006696,PI,588989,,2,FBBLNAT,APPLE.FIREBLIGHT,Manchurian,Malus baccata,United States,DONATED,,,,,,,,,,,PI,588989,,
1006796,PI,588998,,2,FBBLNAT,APPLE.FIREBLIGHT,Marshall McIntosh,Malus domestica,United States,DEVELOPED,,,,,,,,,,,PI,588998,,
1006806,PI,589000,,2,FBBLNAT,APPLE.FIREBLIGHT,Kendall,Malus domestica,United States,DEVELOPED,,,,,,,,,,,PI,589000,,
1007076,PI,589017,,2,FBBLNAT,APPLE.FIREBLIGHT,C.P. Close,Malus domestica,United States,DEVELOPED,,,,,,,,,,,PI,589017,,
1007205,PI,589024,,2,FBBLNAT,APPLE.FIREBLIGHT,Crimson Beauty,Malus domestica,United States,DONATED,,,,,,,,,,,PI,589024,,
1008136,PI,589064,,2,FBBLNAT,APPLE.FIREBLIGHT,Fruitland Delicious,Malus domestica,United States,DEVELOPED,,,,,,,,,,,PI,589064,,
1008695,PI,589091,,2,FBBLNAT,APPLE.FIREBLIGHT,Toshkee,Malus domestica,Canada,DEVELOPED,,,,,,,,,,,PI,589091,,
1009352,PI,589121,,2,FBBLNAT,APPLE.FIREBLIGHT,Bedford Red,Malus domestica,United States,DEVELOPED,,,,,,,,,,,PI,589121,,
1010418,PI,589151,,2,FBBLNAT,APPLE.FIREBLIGHT,Richared Delicious,Malus domestica,United States,DEVELOPED,,,,,,,,,,,PI,589151,,
1011492,PI,589198,,2,FBBLNAT,APPLE.FIREBLIGHT,GMAL 1118,Malus x platycarpa,United States,COLLECTED,,,,,,,,,,,PI,589198,,
1013850,PI,589305,,2,FBBLNAT,APPLE.FIREBLIGHT,Rudens Suitrotais,Malus domestica,United States,DONATED,,,,,,,,,,,PI,589305,,
1014660,PI,589322,,2,FBBLNAT,APPLE.FIREBLIGHT,Sharon,Malus domestica,United States,DEVELOPED,,,,,,,,,,,PI,589322,,
1014716,PI,589327,,2,FBBLNAT,APPLE.FIREBLIGHT,Alpha 68A,Malus domestica,Sweden,DEVELOPED,,,,,,,,,,,PI,589327,,
1014843,PI,589338,,2,FBBLNAT,APPLE.FIREBLIGHT,Columbia,Malus hybr.,Canada,DEVELOPED,,,,,,,,,,,PI,589338,,
1014853,PI,589340,,2,FBBLNAT,APPLE.FIREBLIGHT,Ottawa 292,Malus domestica,Canada,DONATED,,,,,,,,,,,PI,589340,,
1014945,PI,589349,,2,FBBLNAT,APPLE.FIREBLIGHT,Ottawa 5,Malus hybr.,Canada,DONATED,,,,,,,,,,,PI,589349,,
1014973,PI,589353,,2,FBBLNAT,APPLE.FIREBLIGHT,Mandshurica 6114,Malus baccata,Canada,DONATED,,,,,,,,,,,PI,589353,,
1015652,PI,589357,,2,FBBLNAT,APPLE.FIREBLIGHT,Ranger,Malus domestica,Canada,DEVELOPED,,,,,,,,,,,PI,589357,,
1015673,PI,589360,,2,FBBLNAT,APPLE.FIREBLIGHT,Rescue,Malus hybr.,Canada,DEVELOPED,,,,,,,,,,,PI,589360,,
1015697,PI,589363,,2,FBBLNAT,APPLE.FIREBLIGHT,Wellington,Malus domestica,United States,DEVELOPED,,,,,,,,,,,PI,589363,,
1015707,PI,589364,,2,FBBLNAT,APPLE.FIREBLIGHT,Eleyi,Malus hybr.,United Kingdom,DEVELOPED,,,,,,,,,,,PI,589364,,
1015717,PI,589365,,2,FBBLNAT,APPLE.FIREBLIGHT,Luke,Malus domestica,Canada,DEVELOPED,,,,,,,,,,,PI,589365,,
1016486,PI,589407,,2,FBBLNAT,APPLE.FIREBLIGHT,M. coronaria,Malus coronaria,United States,DONATED,,,,,,,,,,,PI,589407,,
1016598,PI,589419,,2,FBBLNAT,APPLE.FIREBLIGHT,Klehmii,Malus ioensis,United States,DONATED,,,,,,,,,,,PI,589419,,
1017192,PI,589443,,2,FBBLNAT,APPLE.FIREBLIGHT,Arlet,Malus domestica,Switzerland,DONATED,,,,,,,,,,,PI,589443,,
1017221,PI,589448,,2,FBBLNAT,APPLE.FIREBLIGHT,Golden Precoce,Malus domestica,Canada,DONATED,,,,,,,,,,,PI,589448,,
1017328,PI,589460,,2,FBBLNAT,APPLE.FIREBLIGHT,Selkirk,Malus hybr.,Canada,DEVELOPED,,,,,,,,,,,PI,589460,,
1017376,PI,589465,,2,FBBLNAT,APPLE.FIREBLIGHT,Shafer,Malus hybr.,Canada,DEVELOPED,,,,,,,,,,,PI,589465,,
1017413,PI,589471,,2,FBBLNAT,APPLE.FIREBLIGHT,Ottawa 4,Malus domestica,Canada,DONATED,,,,,,,,,,,PI,589471,,
1017470,PI,589478,,2,FBBLNAT,APPLE.FIREBLIGHT,Novosibirski Sweet,Malus domestica,Soviet Union,COLLECTED,,,,,,,,,,,PI,589478,,
1017483,PI,589479,,2,FBBLNAT,APPLE.FIREBLIGHT,Ottawa 271,Malus domestica,Canada,DONATED,,,,,,,,,,,PI,589479,,
1017521,PI,589485,,2,FBBLNAT,APPLE.FIREBLIGHT,Norson,Malus domestica,Canada,DEVELOPED,,,,,,,,,,,PI,589485,,
1017736,PI,589514,,2,FBBLNAT,APPLE.FIREBLIGHT,Rudolph,Malus hybr.,Canada,DONATED,,,,,,,,,,,PI,589514,,
1017756,PI,589516,,2,FBBLNAT,APPLE.FIREBLIGHT,Morden 359,Malus domestica,Canada,DEVELOPED,,,,,,,,,,,PI,589516,,
1017933,PI,589539,,2,FBBLNAT,APPLE.FIREBLIGHT,Zlatna Resistenta,Malus domestica,Soviet Union,COLLECTED,,,,,,,,,,,PI,589539,,
1017947,PI,589541,,2,FBBLNAT,APPLE.FIREBLIGHT,Amur Naliv,Malus domestica,Soviet Union,COLLECTED,,,,,,,,,,,PI,589541,,
1018010,PI,589552,,2,FBBLNAT,APPLE.FIREBLIGHT,Aurora,Malus domestica,Soviet Union,COLLECTED,,,,,,,,,,,PI,589552,,
1018300,PI,589588,,2,FBBLNAT,APPLE.FIREBLIGHT,Reinette Grise,Malus domestica,Belgium,DONATED,,,,,,,,,,,PI,589588,,
1018373,PI,589601,,2,FBBLNAT,APPLE.FIREBLIGHT,Court Pendu,Malus domestica,Belgium,DONATED,,,,,,,,,,,PI,589601,,
1018398,PI,589605,,2,FBBLNAT,APPLE.FIREBLIGHT,Joe Trio,Malus hybr.,United States,DEVELOPED,,,,,,,,,,,PI,589605,,
1018442,PI,589611,,2,FBBLNAT,APPLE.FIREBLIGHT,Wakaga,Malus hybr.,United States,DEVELOPED,,,,,,,,,,,PI,589611,,
1018569,PI,589630,,2,FBBLNAT,APPLE.FIREBLIGHT,Ann Trio,Malus hybr.,United States,DEVELOPED,,,,,,,,,,,PI,589630,,
1019063,PI,589697,,2,FBBLNAT,APPLE.FIREBLIGHT,Stoke Red,Malus domestica,United Kingdom,DONATED,,,,,,,,,,,PI,589697,,
1019653,PI,589742,,2,FBBLNAT,APPLE.FIREBLIGHT,GMAL 2326,Malus floribunda,United States,DONATED,,,,,,,,,,,PI,589742,,
1020422,PI,589804,,2,FBBLNAT,APPLE.FIREBLIGHT,PRI 2465-9,Malus hybr.,United States,DEVELOPED,,,,,,,,,,,PI,589804,,
1020506,PI,589815,,2,FBBLNAT,APPLE.FIREBLIGHT,PRI 1228-5,Malus hybr.,United States,DEVELOPED,,,,,,,,,,,PI,589815,,
1021626,PI,589870,,2,FBBLNAT,APPLE.FIREBLIGHT,GMAL 2712,Malus x asiatica,China,COLLECTED,,,,,,,,,,,PI,589870,,
1021827,PI,589887,,2,FBBLNAT,APPLE.FIREBLIGHT,Blairmont,Malus domestica,United States,DEVELOPED,,,,,,,,,,,PI,589887,,
1021836,PI,589890,,2,FBBLNAT,APPLE.FIREBLIGHT,Chehalis,Malus domestica,United States,DONATED,,,,,,,,,,,PI,589890,,
1021905,PI,589902,,2,FBBLNAT,APPLE.FIREBLIGHT,Regent,Malus domestica,United States,DONATED,,,,,,,,,,,PI,589902,,
1021910,PI,589903,,2,FBBLNAT,APPLE.FIREBLIGHT,Smokehouse,Malus domestica,Unknown,COLLECTED,,,,,,,,,,,PI,589903,,
1021966,PI,589911,,2,FBBLNAT,APPLE.FIREBLIGHT,Hibernal,Malus domestica,United States,DONATED,,,,,,,,,,,PI,589911,,
1022065,PI,589927,,2,FBBLNAT,APPLE.FIREBLIGHT,M.11,Malus domestica,United Kingdom,COLLECTED,,,,,,,,,,,PI,589927,,
1023408,PI,590029,,2,FBBLNAT,APPLE.FIREBLIGHT,GMAL 3142,Malus halliana,China,COLLECTED,,,,,,,,,,,PI,590029,,
1023632,PI,590079,,2,FBBLNAT,APPLE.FIREBLIGHT,PRI 1312-6,Malus hybr.,United States,DEVELOPED,,,,,,,,,,,PI,590079,,
1023643,PI,590082,,2,FBBLNAT,APPLE.FIREBLIGHT,PRI 1569-1,Malus hybr.,United States,DEVELOPED,,,,,,,,,,,PI,590082,,
1024826,PI,590155,,2,FBBLNAT,APPLE.FIREBLIGHT,Delikates,Malus domestica,South Africa,COLLECTED,,,,,,,,,,,PI,590155,,
1112234,PI,589268,,2,FBBLNAT,APPLE.FIREBLIGHT,Winter Holly,Malus hybr.,United States,DONATED,,,,,,,,,,,PI,589268,,
1112244,PI,589273,,2,FBBLNAT,APPLE.FIREBLIGHT,Gloriosa,Malus hybr.,United States,DONATED,,,,,,,,,,,PI,589273,,
1112247,PI,589275,,2,FBBLNAT,APPLE.FIREBLIGHT,GMAL 1377,Malus fusca,United States,DONATED,,,,,,,,,,,PI,589275,,
1127813,PI,102140,,2,FBBLNAT,APPLE.FIREBLIGHT,Gladstone,Malus domestica,United Kingdom,DEVELOPED,,,,,,,,,,,PI,102140,,
1133875,PI,131001,,2,FBBLNAT,APPLE.FIREBLIGHT,Claudius Herbstapfel,Malus domestica,Germany,DONATED,,,,,,,,,,,PI,131001,,
1184422,PI,232661,,2,FBBLNAT,APPLE.FIREBLIGHT,Snovit,Malus domestica,Sweden,DEVELOPED,,,,,,,,,,,PI,232661,,
1197618,PI,259447,,2,FBBLNAT,APPLE.FIREBLIGHT,Bellefleur Rekord,Malus domestica,Poland,DONATED,,,,,,,,,,,PI,259447,,
1197623,PI,259452,,2,FBBLNAT,APPLE.FIREBLIGHT,Pepin Shafrannyi,Malus domestica,,DEVELOPED,,,,,,,,,,,PI,259452,,
1228654,PI,304637,,2,FBBLNAT,APPLE.FIREBLIGHT,Summerred,Malus domestica,Canada,DEVELOPED,,,,,,,,,,,PI,304637,,
1229874,PI,307501,,2,FBBLNAT,APPLE.FIREBLIGHT,Hedwigiae,Malus domestica,Germany,DONATED,,,,,,,,,,,PI,307501,,
1257107,PI,344553,,2,FBBLNAT,APPLE.FIREBLIGHT,Honora,Malus domestica,Canada,DEVELOPED,,,,,,,,,,,PI,344553,,
1258947,PI,347268,,2,FBBLNAT,APPLE.FIREBLIGHT,Kokko strain 2,Malus domestica,Japan,DONATED,,,,,,,,,,,PI,347268,,
1287727,PI,383514,,2,FBBLNAT,APPLE.FIREBLIGHT,Paide&#39;s Winter Apple,Malus domestica,Russian Federation,DONATED,,,,,,,,,,,PI,383514,,
1331979,PI,437043,,2,FBBLNAT,APPLE.FIREBLIGHT,P.14,Malus domestica,Poland,DONATED,,,,,,,,,,,PI,437043,,
1378190,PI,483254,,2,FBBLNAT,APPLE.FIREBLIGHT,GMAL 6,Malus x dawsoniana,France,DONATED,,,,,,,,,,,PI,483254,,
1378198,PI,483262,,2,FBBLNAT,APPLE.FIREBLIGHT,7/11/B,Malus domestica,Israel,DONATED,,,,,,,,,,,PI,483262,,
1378201,PI,483265,,2,FBBLNAT,APPLE.FIREBLIGHT,504/1/A,Malus domestica,Israel,DONATED,,,,,,,,,,,PI,483265,,
1378202,PI,483266,,2,FBBLNAT,APPLE.FIREBLIGHT,Peachblow,Malus floribunda,Netherlands,DONATED,,,,,,,,,,,PI,483266,,
1401295,PI,506359,,2,FBBLNAT,APPLE.FIREBLIGHT,Heimenhofer,Malus domestica,Switzerland,DONATED,,,,,,,,,,,PI,506359,,
1600259,PI,613872,,2,FBBLNAT,APPLE.FIREBLIGHT,GMAL 2531.a1,Malus ioensis,United States,DONATED,,,,,,,,,,,PI,613872,.a,
1600295,PI,613805,,2,FBBLNAT,APPLE.FIREBLIGHT,#379,Malus mandshurica,United States,DONATED,,,,,,,,,,,PI,613805,.g,
1600297,PI,613810,,2,FBBLNAT,APPLE.FIREBLIGHT,GMAL 393.d1,Malus baccata,United States,DONATED,,,,,,,,,,,PI,613810,.d,
1600300,PI,613834,,2,FBBLNAT,APPLE.FIREBLIGHT,GMAL 1878.i1,Malus hupehensis,China,COLLECTED,,,,,,,,,,,PI,613834,.i,
1600309,PI,613855,,2,FBBLNAT,APPLE.FIREBLIGHT,GMAL 2288.b1,Malus sieversii var. kirghisorum,Russian Federation,DONATED,,,,,,,,,,,PI,613855,.b,
1002383,PI,588782,,3,FBBLNAT,APPLE.FIREBLIGHT,GMAL 84,Malus sargentii,United States,DONATED,,,,,,,,,,,PI,588782,,
1002599,PI,588791,,3,FBBLNAT,APPLE.FIREBLIGHT,Grimes Golden,Malus domestica,United States,DEVELOPED,,,,,,,,,,,PI,588791,,
1002678,PI,588795,,3,FBBLNAT,APPLE.FIREBLIGHT,Lennoxville,Malus hybr.,United States,DONATED,,,,,,,,,,,PI,588795,,
1002752,PI,588799,,3,FBBLNAT,APPLE.FIREBLIGHT,Winesap,Malus domestica,United States,DONATED,,,,,,,,,,,PI,588799,,
1002819,PI,588802,,3,FBBLNAT,APPLE.FIREBLIGHT,Anaros,Malus domestica,Canada,DEVELOPED,,,,,,,,,,,PI,588802,,
1003201,PI,588817,,3,FBBLNAT,APPLE.FIREBLIGHT,McIntosh Summerland Red,Malus domestica,Canada,DONATED,,,,,,,,,,,PI,588817,,
1003780,PI,588848,,3,FBBLNAT,APPLE.FIREBLIGHT,Cortland,Malus domestica,United States,DEVELOPED,,,,,,,,,,,PI,588848,,
1003845,PI,588852,,3,FBBLNAT,APPLE.FIREBLIGHT,GMAL 167,Malus hybr.,Canada,DONATED,,,,,,,,,,,PI,588852,,
1003907,PI,588856,,3,FBBLNAT,APPLE.FIREBLIGHT,Ottawa 8,Malus hybr.,Canada,DONATED,,,,,,,,,,,PI,588856,,
1003959,PI,588858,,3,FBBLNAT,APPLE.FIREBLIGHT,Jonamac,Malus domestica,United States,DEVELOPED,,,,,,,,,,,PI,588858,,
1004000,PI,588861,,3,FBBLNAT,APPLE.FIREBLIGHT,Winter Banana,Malus domestica,United States,DEVELOPED,,,,,,,,,,,PI,588861,,
1004194,PI,588875,,3,FBBLNAT,APPLE.FIREBLIGHT,Dab 325,Malus hybr.,Canada,DONATED,,,,,,,,,,,PI,588875,,
1004277,PI,588883,,3,FBBLNAT,APPLE.FIREBLIGHT,Demir,Malus hybr.,Turkey,COLLECTED,,,,,,,,,,,PI,588883,,
1004500,PI,588900,,3,FBBLNAT,APPLE.FIREBLIGHT,Jubilee,Malus hybr.,Canada,DEVELOPED,,,,,,,,,,,PI,588900,,
1005546,PI,588944,,3,FBBLNAT,APPLE.FIREBLIGHT,Calva,Malus kansuensis,United States,DONATED,,,,,,,,,,,PI,588944,,
1006164,PI,588957,,3,FBBLNAT,APPLE.FIREBLIGHT,Columbia Crab,Malus hybr.,Canada,DEVELOPED,,,,,,,,,,,PI,588957,,
1006388,PI,588967,,3,FBBLNAT,APPLE.FIREBLIGHT,Bisbee Giant Winesap,Malus domestica,United States,DEVELOPED,,,,,,,,,,,PI,588967,,
1006428,PI,588971,,3,FBBLNAT,APPLE.FIREBLIGHT,Roxbury Russet,Malus domestica,United States,DONATED,,,,,,,,,,,PI,588971,,
1006616,PI,588983,,3,FBBLNAT,APPLE.FIREBLIGHT,Mary Potter,Malus hybr.,United States,DEVELOPED,,,,,,,,,,,PI,588983,,
1006675,PI,588987,,3,FBBLNAT,APPLE.FIREBLIGHT,GMAL 487,Malus baccata,United States,DONATED,,,,,,,,,,,PI,588987,,
1006830,PI,589001,,3,FBBLNAT,APPLE.FIREBLIGHT,Winter Sweet Paradise,Malus domestica,United States,DONATED,,,,,,,,,,,PI,589001,,
1007311,PI,589028,,3,FBBLNAT,APPLE.FIREBLIGHT,Oswego,Malus domestica,United States,DEVELOPED,,,,,,,,,,,PI,589028,,
1007529,PI,589038,,3,FBBLNAT,APPLE.FIREBLIGHT,Turley,Malus domestica,United States,DEVELOPED,,,,,,,,,,,PI,589038,,
1007665,PI,589044,,3,FBBLNAT,APPLE.FIREBLIGHT,Hunter Melba 4X,Malus domestica,Canada,DEVELOPED,,,,,,,,,,,PI,589044,,
1008061,PI,589060,,3,FBBLNAT,APPLE.FIREBLIGHT,Vandevere,Malus domestica,Unknown,COLLECTED,,,,,,,,,,,PI,589060,,
1008297,PI,589069,,3,FBBLNAT,APPLE.FIREBLIGHT,Green Peak McIntosh 2-2-4-4,Malus domestica,United States,DEVELOPED,,,,,,,,,,,PI,589069,,
1008331,PI,589072,,3,FBBLNAT,APPLE.FIREBLIGHT,Ingram,Malus domestica,United States,DEVELOPED,,,,,,,,,,,PI,589072,,
1008444,PI,589078,,3,FBBLNAT,APPLE.FIREBLIGHT,Gideon,Malus domestica,United States,DEVELOPED,,,,,,,,,,,PI,589078,,
1009523,PI,589125,,3,FBBLNAT,APPLE.FIREBLIGHT,Sergeant Russet Golden Delicious,Malus domestica,,DEVELOPED,,,,,,,,,,,PI,589125,,
1009755,PI,589130,,3,FBBLNAT,APPLE.FIREBLIGHT,Rose Bud,Malus domestica,United States,DEVELOPED,,,,,,,,,,,PI,589130,,
1009860,PI,589134,,3,FBBLNAT,APPLE.FIREBLIGHT,Boiken,Malus domestica,United States,DONATED,,,,,,,,,,,PI,589134,,
1009878,PI,589135,,3,FBBLNAT,APPLE.FIREBLIGHT,Golden Noble,Malus domestica,United Kingdom,DEVELOPED,,,,,,,,,,,PI,589135,,
1011033,PI,589179,,3,FBBLNAT,APPLE.FIREBLIGHT,Greendale,Malus domestica,United States,DEVELOPED,,,,,,,,,,,PI,589179,,
1011797,PI,589203,,3,FBBLNAT,APPLE.FIREBLIGHT,Hunter Spy 2-4-4,Malus domestica,Canada,DEVELOPED,,,,,,,,,,,PI,589203,,
1011868,PI,589204,,3,FBBLNAT,APPLE.FIREBLIGHT,Sweden Spartan,Malus domestica,United States,DONATED,,,,,,,,,,,PI,589204,,
1011881,PI,589206,,3,FBBLNAT,APPLE.FIREBLIGHT,Johnson McIntosh 2-4-4-4,Malus domestica,United States,DEVELOPED,,,,,,,,,,,PI,589206,,
1012210,PI,589219,,3,FBBLNAT,APPLE.FIREBLIGHT,Kola,Malus coronaria,United States,DEVELOPED,,,,,,,,,,,PI,589219,,
1013751,PI,589291,,3,FBBLNAT,APPLE.FIREBLIGHT,Bean,Malus domestica,United States,DEVELOPED,,,,,,,,,,,PI,589291,,
1013771,PI,589294,,3,FBBLNAT,APPLE.FIREBLIGHT,Fallawater,Malus domestica,United States,DEVELOPED,,,,,,,,,,,PI,589294,,
1013799,PI,589298,,3,FBBLNAT,APPLE.FIREBLIGHT,Lovell,Malus domestica,United States,DEVELOPED,,,,,,,,,,,PI,589298,,
1013831,PI,589302,,3,FBBLNAT,APPLE.FIREBLIGHT,Ottawa SRO 522,Malus domestica,Canada,DEVELOPED,,,,,,,,,,,PI,589302,,
1013871,PI,589308,,3,FBBLNAT,APPLE.FIREBLIGHT,Sublett,Malus domestica,,DEVELOPED,,,,,,,,,,,PI,589308,,
1013885,PI,589309,,3,FBBLNAT,APPLE.FIREBLIGHT,William Crump,Malus domestica,United Kingdom,DEVELOPED,,,,,,,,,,,PI,589309,,
1014573,PI,589315,,3,FBBLNAT,APPLE.FIREBLIGHT,Delistein,Malus domestica,United States,DEVELOPED,,,,,,,,,,,PI,589315,,
1014722,PI,589328,,3,FBBLNAT,APPLE.FIREBLIGHT,Alpha 68B,Malus domestica,Sweden,DEVELOPED,,,,,,,,,,,PI,589328,,
1014879,PI,589342,,3,FBBLNAT,APPLE.FIREBLIGHT,E 12-14,Malus domestica,South Africa,COLLECTED,,,,,,,,,,,PI,589342,,
1014885,PI,589343,,3,FBBLNAT,APPLE.FIREBLIGHT,John Downie,Malus hybr.,Netherlands,COLLECTED,,,,,,,,,,,PI,589343,,
1015683,PI,589361,,3,FBBLNAT,APPLE.FIREBLIGHT,Scotia,Malus domestica,Canada,DEVELOPED,,,,,,,,,,,PI,589361,,
1015776,PI,589370,,3,FBBLNAT,APPLE.FIREBLIGHT,GMAL 1736,Malus prunifolia,United States,DONATED,,,,,,,,,,,PI,589370,,
1016522,PI,589410,,3,FBBLNAT,APPLE.FIREBLIGHT,Wild Red,Malus x soulardii,United States,DONATED,,,,,,,,,,,PI,589410,,
1017207,PI,589445,,3,FBBLNAT,APPLE.FIREBLIGHT,Charden,Malus domestica,Switzerland,DONATED,,,,,,,,,,,PI,589445,,
1017255,PI,589451,,3,FBBLNAT,APPLE.FIREBLIGHT,CC-14-45,Malus domestica,Canada,DONATED,,,,,,,,,,,PI,589451,,
1017355,PI,589463,,3,FBBLNAT,APPLE.FIREBLIGHT,Breakey,Malus domestica,Canada,DEVELOPED,,,,,,,,,,,PI,589463,,
1017456,PI,589476,,3,FBBLNAT,APPLE.FIREBLIGHT,Ottawa 5210,Malus domestica,Canada,DONATED,,,,,,,,,,,PI,589476,,
1017772,PI,589518,,3,FBBLNAT,APPLE.FIREBLIGHT,Sandel,Malus domestica,Canada,DONATED,,,,,,,,,,,PI,589518,,
1017791,PI,589521,,3,FBBLNAT,APPLE.FIREBLIGHT,Noret,Malus domestica,Canada,DEVELOPED,,,,,,,,,,,PI,589521,,
1017803,PI,589523,,3,FBBLNAT,APPLE.FIREBLIGHT,Harcourt,Malus domestica,Canada,DONATED,,,,,,,,,,,PI,589523,,
1017813,PI,589524,,3,FBBLNAT,APPLE.FIREBLIGHT,Glenorchie,Malus domestica,Canada,DEVELOPED,,,,,,,,,,,PI,589524,,
1017935,PI,589540,,3,FBBLNAT,APPLE.FIREBLIGHT,Alpinist,Malus domestica,Soviet Union,DEVELOPED,,,,,,,,,,,PI,589540,,
1017996,PI,589550,,3,FBBLNAT,APPLE.FIREBLIGHT,Slava Pobeditelyam,Malus domestica,Ukraine,DEVELOPED,,,,,,,,,,,PI,589550,,
1018143,PI,589572,,3,FBBLNAT,APPLE.FIREBLIGHT,E14-32,Malus hybr.,United States,DONATED,,,,,,,,,,,PI,589572,,
1018255,PI,589582,,3,FBBLNAT,APPLE.FIREBLIGHT,Rambour Franc,Malus domestica,Unknown,COLLECTED,,,,,,,,,,,PI,589582,,
1018287,PI,589586,,3,FBBLNAT,APPLE.FIREBLIGHT,Radoux,Malus domestica,Belgium,DONATED,,,,,,,,,,,PI,589586,,
1018394,PI,589604,,3,FBBLNAT,APPLE.FIREBLIGHT,Kit Trio,Malus hybr.,United States,DEVELOPED,,,,,,,,,,,PI,589604,,
1018462,PI,589614,,3,FBBLNAT,APPLE.FIREBLIGHT,Zapta,Malus hybr.,United States,DEVELOPED,,,,,,,,,,,PI,589614,,
1018531,PI,589623,,3,FBBLNAT,APPLE.FIREBLIGHT,Wamdesa,Malus hybr.,United States,DEVELOPED,,,,,,,,,,,PI,589623,,
1018592,PI,589634,,3,FBBLNAT,APPLE.FIREBLIGHT,Mercer,Malus hybr.,United States,COLLECTED,,,,,,,,,,,PI,589634,,
1019008,PI,589690,,3,FBBLNAT,APPLE.FIREBLIGHT,Le Bret,Malus domestica,United Kingdom,DONATED,,,,,,,,,,,PI,589690,,
1019047,PI,589694,,3,FBBLNAT,APPLE.FIREBLIGHT,Sunset,Malus domestica,United Kingdom,DONATED,,,,,,,,,,,PI,589694,,
1019073,PI,589698,,3,FBBLNAT,APPLE.FIREBLIGHT,Captain Kidd,Malus domestica,United Kingdom,DONATED,,,,,,,,,,,PI,589698,,
1019160,PI,589710,,3,FBBLNAT,APPLE.FIREBLIGHT,Merton 793,Malus domestica,Australia,DONATED,,,,,,,,,,,PI,589710,,
1019503,PI,589721,,3,FBBLNAT,APPLE.FIREBLIGHT,Reta,Malus domestica,United States,DEVELOPED,,,,,,,,,,,PI,589721,,
1019619,PI,589738,,3,FBBLNAT,APPLE.FIREBLIGHT,(hybrid #28),Malus baccata,United States,DONATED,,,,,,,,,,,PI,589738,,
1019795,PI,589759,,3,FBBLNAT,APPLE.FIREBLIGHT,GMAL 2343,Malus yunnanensis,United States,DONATED,,,,,,,,,,,PI,589759,,
1020304,PI,589788,,3,FBBLNAT,APPLE.FIREBLIGHT,PRI 1957-1,Malus hybr.,United States,DEVELOPED,,,,,,,,,,,PI,589788,,
1020348,PI,589794,,3,FBBLNAT,APPLE.FIREBLIGHT,PRI 1754-2,Malus hybr.,United States,DEVELOPED,,,,,,,,,,,PI,589794,,
1020472,PI,589810,,3,FBBLNAT,APPLE.FIREBLIGHT,PRI 1660-6,Malus hybr.,United States,DEVELOPED,,,,,,,,,,,PI,589810,,
1020501,PI,589814,,3,FBBLNAT,APPLE.FIREBLIGHT,PRI 1563-1,Malus hybr.,United States,DEVELOPED,,,,,,,,,,,PI,589814,,
1020557,PI,589822,,3,FBBLNAT,APPLE.FIREBLIGHT,PRI 2465-6,Malus hybr.,United States,DEVELOPED,,,,,,,,,,,PI,589822,,
1021341,PI,589855,,3,FBBLNAT,APPLE.FIREBLIGHT,Murasaki,Malus domestica,Japan,DEVELOPED,,,,,,,,,,,PI,589855,,
1021860,PI,589894,,3,FBBLNAT,APPLE.FIREBLIGHT,Keepsake,Malus domestica,United States,DEVELOPED,,,,,,,,,,,PI,589894,,
1021992,PI,589915,,3,FBBLNAT,APPLE.FIREBLIGHT,Dubbele Zoete Aagt,Malus domestica,Netherlands,DONATED,,,,,,,,,,,PI,589915,,
1022234,PI,589946,,3,FBBLNAT,APPLE.FIREBLIGHT,PRI 1732-2,Malus hybr.,United States,DEVELOPED,,,,,,,,,,,PI,589946,,
1022299,PI,589958,,3,FBBLNAT,APPLE.FIREBLIGHT,MA #   4,Malus toringo,United States,DONATED,,,,,,,,,,,PI,589958,,
1022507,PI,589992,,3,FBBLNAT,APPLE.FIREBLIGHT,GMAL 2910,Malus coronaria,United States,COLLECTED,,,,,,,,,,,PI,589992,,
1023379,PI,590026,,3,FBBLNAT,APPLE.FIREBLIGHT,Hawkeye,Malus domestica,United States,DEVELOPED,,,,,,,,,,,PI,590026,,
1023503,PI,590055,,3,FBBLNAT,APPLE.FIREBLIGHT,GMAL 3171,Malus baccata,China,COLLECTED,,,,,,,,,,,PI,590055,,
1023616,PI,590076,,3,FBBLNAT,APPLE.FIREBLIGHT,PRI 674-103,Malus hybr.,United States,DEVELOPED,,,,,,,,,,,PI,590076,,
1023652,PI,590084,,3,FBBLNAT,APPLE.FIREBLIGHT,PRI 1561-100,Malus hybr.,United States,DEVELOPED,,,,,,,,,,,PI,590084,,
1024505,PI,590098,,3,FBBLNAT,APPLE.FIREBLIGHT,GMAL 3379,Malus pumila,Unknown,COLLECTED,,,,,,,,,,,PI,590098,,
1024786,PI,590148,,3,FBBLNAT,APPLE.FIREBLIGHT,Erickson,Malus domestica,United States,DONATED,,,,,,,,,,,PI,590148,,
1024801,PI,590152,,3,FBBLNAT,APPLE.FIREBLIGHT,Ottawa #524,Malus domestica,United States,DONATED,,,,,,,,,,,PI,590152,,
1024863,PI,590159,,3,FBBLNAT,APPLE.FIREBLIGHT,Loyalist,Malus domestica,Canada,DONATED,,,,,,,,,,,PI,590159,,
1025026,PI,590202,,3,FBBLNAT,APPLE.FIREBLIGHT,Co-op 19,Malus hybr.,United States,DEVELOPED,,,,,,,,,,,PI,590202,,
1084064,PI,589355,,3,FBBLNAT,APPLE.FIREBLIGHT,Inducoa No. 1,Malus domestica,Spain,DONATED,,,,,,,,,,,PI,589355,,
1104525,PI,35636,,3,FBBLNAT,APPLE.FIREBLIGHT,Liestnaya Antonoffku,Malus domestica,United States,COLLECTED,,,,,,,,,,,PI,35636,,
1112243,PI,589272,,3,FBBLNAT,APPLE.FIREBLIGHT,Adam,Malus hybr.,United States,DONATED,,,,,,,,,,,PI,589272,,
1128325,PI,104807,,3,FBBLNAT,APPLE.FIREBLIGHT,Pederstrup,Malus domestica,Denmark,COLLECTED,,,,,,,,,,,PI,104807,,
1128817,PI,107426,,3,FBBLNAT,APPLE.FIREBLIGHT,GMAL 314,Malus sylvestris,United States,DONATED,,,,,,,,,,,PI,107426,,
1132250,PI,122620,,3,FBBLNAT,APPLE.FIREBLIGHT,Pres. Descours-Desacres,Malus domestica,France,DONATED,,,,,,,,,,,PI,122620,,
1132331,PI,123730,,3,FBBLNAT,APPLE.FIREBLIGHT,Red Joaneting,Malus domestica,United Kingdom,DONATED,,,,,,,,,,,PI,123730,,
1134248,PI,133750,,3,FBBLNAT,APPLE.FIREBLIGHT,Stone Pippin,Malus domestica,Australia,DONATED,,,,,,,,,,,PI,133750,,
1134380,PI,134673,,3,FBBLNAT,APPLE.FIREBLIGHT,Tilsith,Malus domestica,Switzerland,DONATED,,,,,,,,,,,PI,134673,,
1136230,PI,151489,,3,FBBLNAT,APPLE.FIREBLIGHT,AMES 550,Malus hybr.,United States,DEVELOPED,,,,,,,,,,,PI,151489,,
1140131,PI,162545,,3,FBBLNAT,APPLE.FIREBLIGHT,Grosse Mouche,Malus domestica,France,DONATED,,,,,,,,,,,PI,162545,,
1152816,PI,176379,,3,FBBLNAT,APPLE.FIREBLIGHT,Sonderskov,Malus domestica,Unknown,COLLECTED,,,,,,,,,,,PI,176379,,
1168807,PI,199531,,3,FBBLNAT,APPLE.FIREBLIGHT,Orei,Malus domestica,Japan,DEVELOPED,,,,,,,,,,,PI,199531,,
1168809,PI,199533,,3,FBBLNAT,APPLE.FIREBLIGHT,Shinsei,Malus domestica,Japan,DEVELOPED,,,,,,,,,,,PI,199533,,
1169337,PI,200781,,3,FBBLNAT,APPLE.FIREBLIGHT,Saint Martin,Malus domestica,United Kingdom,DEVELOPED,,,,,,,,,,,PI,200781,,
1172618,PI,205460,,3,FBBLNAT,APPLE.FIREBLIGHT,Merton Beauty,Malus domestica,United Kingdom,DEVELOPED,,,,,,,,,,,PI,205460,,
1196059,PI,255898,,3,FBBLNAT,APPLE.FIREBLIGHT,Tohoku 2,Malus domestica,Japan,DONATED,,,,,,,,,,,PI,255898,,
1197622,PI,259451,,3,FBBLNAT,APPLE.FIREBLIGHT,Michurin&#39;s Bessiemianka,Malus domestica,Poland,DONATED,,,,,,,,,,,PI,259451,,
1198143,PI,260002,,3,FBBLNAT,APPLE.FIREBLIGHT,San Juan,Malus domestica,United Kingdom,DONATED,,,,,,,,,,,PI,260002,,
1199435,PI,262966,,3,FBBLNAT,APPLE.FIREBLIGHT,Trebu Seklandzis,Malus domestica,Latvia,DONATED,,,,,,,,,,,PI,262966,,
1205814,PI,274066,,3,FBBLNAT,APPLE.FIREBLIGHT,Hermann,Malus domestica,Denmark,DONATED,,,,,,,,,,,PI,274066,,
1206174,PI,274840,,3,FBBLNAT,APPLE.FIREBLIGHT,PK.14,Malus domestica,Russian Federation,DEVELOPED,,,,,,,,,,,PI,274840,,
1229875,PI,307503,,3,FBBLNAT,APPLE.FIREBLIGHT,Edith,Malus hybr.,Germany,DONATED,,,,,,,,,,,PI,307503,,
1251448,PI,337436,,3,FBBLNAT,APPLE.FIREBLIGHT,B-113,Malus domestica,United States,DONATED,,,,,,,,,,,PI,337436,,
1263388,PI,352653,,3,FBBLNAT,APPLE.FIREBLIGHT,P.2,Malus domestica,Poland,DONATED,,,,,,,,,,,PI,352653,,
1280327,PI,374265,,3,FBBLNAT,APPLE.FIREBLIGHT,57-56-92,Malus domestica,United States,DONATED,,,,,,,,,,,PI,374265,,
1294439,PI,392303,,3,FBBLNAT,APPLE.FIREBLIGHT,Gala,Malus domestica,New Zealand,DEVELOPED,,,,,,,,,,,PI,392303,,
1378192,PI,483256,,3,FBBLNAT,APPLE.FIREBLIGHT,YP,Malus domestica,Finland,DONATED,,,,,,,,,,,PI,483256,,
1483016,PI,323617,,3,FBBLNAT,APPLE.FIREBLIGHT,GMAL 3163,Malus pumila,Afghanistan,COLLECTED,,,,,,,,,,,PI,323617,,
1600247,PI,613846,,3,FBBLNAT,APPLE.FIREBLIGHT,Ringo Asami,Malus prunifolia,Japan,DONATED,,,,,,,,,,,PI,613846,.b,
1600248,PI,613848,,3,FBBLNAT,APPLE.FIREBLIGHT,Inuringo,Malus prunifolia,Japan,DONATED,,,,,,,,,,,PI,613848,.b,
1600294,PI,613803,,3,FBBLNAT,APPLE.FIREBLIGHT,Rinkii,Malus prunifolia,United States,DONATED,,,,,,,,,,,PI,613803,.f,
1600305,PI,613844,,3,FBBLNAT,APPLE.FIREBLIGHT,GMAL 1884.k1,Malus baccata,China,COLLECTED,,,,,,,,,,,PI,613844,.k,
1600349,PI,613839,,3,FBBLNAT,APPLE.FIREBLIGHT,GMAL 1882.c1,Malus x micromalus,China,COLLECTED,,,,,,,,,,,PI,613839,.c,
1600350,PI,613840,,3,FBBLNAT,APPLE.FIREBLIGHT,GMAL 1882.d1,Malus x micromalus,China,COLLECTED,,,,,,,,,,,PI,613840,.d,
1001525,PI,588753,,4,FBBLNAT,APPLE.FIREBLIGHT,GMAL 46,Malus mandshurica,United States,DONATED,,,,,,,,,,,PI,588753,,
1002094,PI,588771,,4,FBBLNAT,APPLE.FIREBLIGHT,GMAL 70,Malus baccata,United States,DONATED,,,,,,,,,,,PI,588771,,
1002177,PI,588773,,4,FBBLNAT,APPLE.FIREBLIGHT,Yellow Newtown,Malus domestica,United States,DEVELOPED,,,,,,,,,,,PI,588773,,
1002213,PI,588775,,4,FBBLNAT,APPLE.FIREBLIGHT,Osman,Malus hybr.,Canada,COLLECTED,,,,,,,,,,,PI,588775,,
1002360,PI,588781,,4,FBBLNAT,APPLE.FIREBLIGHT,MM.104,Malus domestica,United Kingdom,COLLECTED,,,,,,,,,,,PI,588781,,
1002440,PI,588784,,4,FBBLNAT,APPLE.FIREBLIGHT,Antonovka,Malus domestica,United States,DONATED,,,,,,,,,,,PI,588784,,
1002506,PI,588787,,4,FBBLNAT,APPLE.FIREBLIGHT,Snowdrift,Malus hybr.,United States,DEVELOPED,,,,,,,,,,,PI,588787,,
1002560,PI,588789,,4,FBBLNAT,APPLE.FIREBLIGHT,Antonovka Shafran,Malus domestica,United States,DONATED,,,,,,,,,,,PI,588789,,
1002638,PI,588793,,4,FBBLNAT,APPLE.FIREBLIGHT,Snow,Malus domestica,Unknown,COLLECTED,,,,,,,,,,,PI,588793,,
1002660,PI,588794,,4,FBBLNAT,APPLE.FIREBLIGHT,MM.109,Malus domestica,United Kingdom,COLLECTED,,,,,,,,,,,PI,588794,,
1002791,PI,588801,,4,FBBLNAT,APPLE.FIREBLIGHT,Duchess,Malus domestica,United States,DONATED,,,,,,,,,,,PI,588801,,
1002974,PI,588807,,4,FBBLNAT,APPLE.FIREBLIGHT,Wolf River,Malus domestica,,DEVELOPED,,,,,,,,,,,PI,588807,,
1003091,PI,588812,,4,FBBLNAT,APPLE.FIREBLIGHT,MM.111,Malus domestica,United Kingdom,COLLECTED,,,,,,,,,,,PI,588812,,
1003155,PI,588814,,4,FBBLNAT,APPLE.FIREBLIGHT,Trusevitch V-5-38,Malus domestica,Soviet Union,COLLECTED,,,,,,,,,,,PI,588814,,
1003165,PI,588815,,4,FBBLNAT,APPLE.FIREBLIGHT,Melred,Malus domestica,Canada,DEVELOPED,,,,,,,,,,,PI,588815,,
1003870,PI,588854,,4,FBBLNAT,APPLE.FIREBLIGHT,Maigold Schin-H-6,Malus domestica,Canada,DONATED,,,,,,,,,,,PI,588854,,
1003895,PI,588855,,4,FBBLNAT,APPLE.FIREBLIGHT,Tydeman Red (Cooper),Malus domestica,Canada,DONATED,,,,,,,,,,,PI,588855,,
1003968,PI,588859,,4,FBBLNAT,APPLE.FIREBLIGHT,Yellow Transparent,Malus domestica,United States,DEVELOPED,,,,,,,,,,,PI,588859,,
1004155,PI,588871,,4,FBBLNAT,APPLE.FIREBLIGHT,Spartan,Malus domestica,Canada,DEVELOPED,,,,,,,,,,,PI,588871,,
1004174,PI,588873,,4,FBBLNAT,APPLE.FIREBLIGHT,MM.106,Malus hybr.,United Kingdom,COLLECTED,,,,,,,,,,,PI,588873,,
1004248,PI,588880,,4,FBBLNAT,APPLE.FIREBLIGHT,Granny Smith,Malus domestica,Unknown,COLLECTED,,,,,,,,,,,PI,588880,,
1004352,PI,588890,,4,FBBLNAT,APPLE.FIREBLIGHT,Red Jewel,Malus hybr.,United States,DONATED,,,,,,,,,,,PI,588890,,
1004475,PI,588897,,4,FBBLNAT,APPLE.FIREBLIGHT,GMAL 219,Malus x soulardii,United States,DEVELOPED,,,,,,,,,,,PI,588897,,
1004592,PI,588904,,4,FBBLNAT,APPLE.FIREBLIGHT,Cherry Crab,Malus x robusta,United States,DONATED,,,,,,,,,,,PI,588904,,
1004642,PI,588908,,4,FBBLNAT,APPLE.FIREBLIGHT,French Crab,Malus sylvestris,United States,DONATED,,,,,,,,,,,PI,588908,,
1004682,PI,588913,,4,FBBLNAT,APPLE.FIREBLIGHT,Spring Snow,Malus hybr.,United States,DONATED,,,,,,,,,,,PI,588913,,
1004688,PI,588914,,4,FBBLNAT,APPLE.FIREBLIGHT,Fastigiata,Malus prunifolia,United States,DONATED,,,,,,,,,,,PI,588914,,
1005993,PI,588948,,4,FBBLNAT,APPLE.FIREBLIGHT,Webster,Malus domestica,United States,DEVELOPED,,,,,,,,,,,PI,588948,,
1006139,PI,588955,,4,FBBLNAT,APPLE.FIREBLIGHT,Sweet Delicious,Malus domestica,United States,DEVELOPED,,,,,,,,,,,PI,588955,,
1006285,PI,588962,,4,FBBLNAT,APPLE.FIREBLIGHT,Diana,Malus domestica,Canada,DEVELOPED,,,,,,,,,,,PI,588962,,
1006404,PI,588968,,4,FBBLNAT,APPLE.FIREBLIGHT,Rogers McIntosh,Malus domestica,United States,DEVELOPED,,,,,,,,,,,PI,588968,,
1006501,PI,588974,,4,FBBLNAT,APPLE.FIREBLIGHT,Scheidecker Crab,Malus x scheideckeri,Germany,DEVELOPED,,,,,,,,,,,PI,588974,,
1006526,PI,588975,,4,FBBLNAT,APPLE.FIREBLIGHT,Stayman,Malus domestica,United States,DEVELOPED,,,,,,,,,,,PI,588975,,
1006552,PI,588978,,4,FBBLNAT,APPLE.FIREBLIGHT,Charlamoff,Malus domestica,United States,DONATED,,,,,,,,,,,PI,588978,,
1006555,PI,588979,,4,FBBLNAT,APPLE.FIREBLIGHT,Spencer,Malus domestica,Canada,DEVELOPED,,,,,,,,,,,PI,588979,,
1006645,PI,588985,,4,FBBLNAT,APPLE.FIREBLIGHT,Deacon Jones,Malus domestica,United States,DEVELOPED,,,,,,,,,,,PI,588985,,
1006741,PI,588996,,4,FBBLNAT,APPLE.FIREBLIGHT,Costata,Malus baccata,United States,DONATED,,,,,,,,,,,PI,588996,,
1007098,PI,589020,,4,FBBLNAT,APPLE.FIREBLIGHT,Sweet McIntosh,Malus domestica,United States,DEVELOPED,,,,,,,,,,,PI,589020,,
1007274,PI,589027,,4,FBBLNAT,APPLE.FIREBLIGHT,Loop Spy 2-2-4-4,Malus domestica,United States,DONATED,,,,,,,,,,,PI,589027,,
1007339,PI,589030,,4,FBBLNAT,APPLE.FIREBLIGHT,Minnehaha,Malus domestica,United States,DEVELOPED,,,,,,,,,,,PI,589030,,
1007724,PI,589048,,4,FBBLNAT,APPLE.FIREBLIGHT,Red Westfield Seek-No-Further,Malus domestica,United States,DONATED,,,,,,,,,,,PI,589048,,
1007823,PI,589052,,4,FBBLNAT,APPLE.FIREBLIGHT,Bancroft,Malus domestica,Canada,DEVELOPED,,,,,,,,,,,PI,589052,,
1008018,PI,589058,,4,FBBLNAT,APPLE.FIREBLIGHT,September,Malus hybr.,United States,DEVELOPED,,,,,,,,,,,PI,589058,,
1008233,PI,589067,,4,FBBLNAT,APPLE.FIREBLIGHT,Redgold,Malus domestica,United States,DEVELOPED,,,,,,,,,,,PI,589067,,
1008314,PI,589070,,4,FBBLNAT,APPLE.FIREBLIGHT,Griffith,Malus domestica,United States,DEVELOPED,,,,,,,,,,,PI,589070,,
1008477,PI,589081,,4,FBBLNAT,APPLE.FIREBLIGHT,Sweet Alford,Malus domestica,United States,DONATED,,,,,,,,,,,PI,589081,,
1008572,PI,589085,,4,FBBLNAT,APPLE.FIREBLIGHT,Cardinal,Malus x arnoldiana,United States,DEVELOPED,,,,,,,,,,,PI,589085,,
1008753,PI,589093,,4,FBBLNAT,APPLE.FIREBLIGHT,Winchester,Malus domestica,United States,DEVELOPED,,,,,,,,,,,PI,589093,,
1009238,PI,589113,,4,FBBLNAT,APPLE.FIREBLIGHT,Spijon,Malus domestica,United States,DEVELOPED,,,,,,,,,,,PI,589113,,
1010332,PI,589148,,4,FBBLNAT,APPLE.FIREBLIGHT,Dermen Paragon 6-3-3,Malus domestica,United States,DEVELOPED,,,,,,,,,,,PI,589148,,
1010764,PI,589168,,4,FBBLNAT,APPLE.FIREBLIGHT,Garland,Malus domestica,Canada,DEVELOPED,,,,,,,,,,,PI,589168,,
1010921,PI,589174,,4,FBBLNAT,APPLE.FIREBLIGHT,Flower of Kent,Malus domestica,United Kingdom,DEVELOPED,,,,,,,,,,,PI,589174,,
1011269,PI,589191,,4,FBBLNAT,APPLE.FIREBLIGHT,Collamer Twenty Ounce,Malus domestica,United States,DEVELOPED,,,,,,,,,,,PI,589191,,
1011364,PI,589194,,4,FBBLNAT,APPLE.FIREBLIGHT,Whitney Russet King,Malus domestica,United States,DONATED,,,,,,,,,,,PI,589194,,
1011758,PI,589201,,4,FBBLNAT,APPLE.FIREBLIGHT,Barkley Rome,Malus domestica,United States,DEVELOPED,,,,,,,,,,,PI,589201,,
1012597,PI,589236,,4,FBBLNAT,APPLE.FIREBLIGHT,Dermen Stayman 6-3-3,Malus domestica,United States,DEVELOPED,,,,,,,,,,,PI,589236,,
1013118,PI,589256,,4,FBBLNAT,APPLE.FIREBLIGHT,Montgomery,Malus domestica,United States,DEVELOPED,,,,,,,,,,,PI,589256,,
1013843,PI,589304,,4,FBBLNAT,APPLE.FIREBLIGHT,Red Paducah,Malus domestica,United States,DEVELOPED,,,,,,,,,,,PI,589304,,
1014818,PI,589335,,4,FBBLNAT,APPLE.FIREBLIGHT,Antonovka Debnicka,Malus domestica,Canada,DONATED,,,,,,,,,,,PI,589335,,
1014826,PI,589336,,4,FBBLNAT,APPLE.FIREBLIGHT,Ottawa 11,Malus hybr.,Canada,DONATED,,,,,,,,,,,PI,589336,,
1014902,PI,589345,,4,FBBLNAT,APPLE.FIREBLIGHT,Manitoba Spy,Malus domestica,Canada,DEVELOPED,,,,,,,,,,,PI,589345,,
1014948,PI,589350,,4,FBBLNAT,APPLE.FIREBLIGHT,Fantazja,Malus domestica,,DEVELOPED,,,,,,,,,,,PI,589350,,
1015693,PI,589362,,4,FBBLNAT,APPLE.FIREBLIGHT,Melrose,Malus domestica,United States,DEVELOPED,,,,,,,,,,,PI,589362,,
1016341,PI,589391,,4,FBBLNAT,APPLE.FIREBLIGHT,GMAL 1829,Malus x soulardii,United Kingdom,DONATED,,,,,,,,,,,PI,589391,,
1017058,PI,589432,,4,FBBLNAT,APPLE.FIREBLIGHT,Sekai-Ichi,Malus domestica,Japan,DEVELOPED,,,,,,,,,,,PI,589432,,
1017156,PI,589437,,4,FBBLNAT,APPLE.FIREBLIGHT,Primrouge,Malus domestica,Switzerland,DONATED,,,,,,,,,,,PI,589437,,
1017196,PI,589444,,4,FBBLNAT,APPLE.FIREBLIGHT,Reinette Clochard,Malus domestica,Switzerland,DONATED,,,,,,,,,,,PI,589444,,
1017247,PI,589450,,4,FBBLNAT,APPLE.FIREBLIGHT,Parkland,Malus hybr.,Canada,DEVELOPED,,,,,,,,,,,PI,589450,,
1017256,PI,589452,,4,FBBLNAT,APPLE.FIREBLIGHT,Rossoshanskoje Polosatoje,Malus domestica,Soviet Union,DEVELOPED,,,,,,,,,,,PI,589452,,
1017319,PI,589458,,4,FBBLNAT,APPLE.FIREBLIGHT,Goldgelb 55544,Malus domestica,Germany,COLLECTED,,,,,,,,,,,PI,589458,,
1017400,PI,589469,,4,FBBLNAT,APPLE.FIREBLIGHT,Haralson,Malus domestica,United States,DEVELOPED,,,,,,,,,,,PI,589469,,
1017412,PI,589470,,4,FBBLNAT,APPLE.FIREBLIGHT,Collet,Malus domestica,Canada,DEVELOPED,,,,,,,,,,,PI,589470,,
1017429,PI,589472,,4,FBBLNAT,APPLE.FIREBLIGHT,Noran,Malus domestica,Canada,DEVELOPED,,,,,,,,,,,PI,589472,,
1017455,PI,589475,,4,FBBLNAT,APPLE.FIREBLIGHT,Lindel,Malus domestica,Canada,DEVELOPED,,,,,,,,,,,PI,589475,,
1017497,PI,589482,,4,FBBLNAT,APPLE.FIREBLIGHT,Budagovsky 54-118,Malus domestica,Canada,DONATED,,,,,,,,,,,PI,589482,,
1017524,PI,589486,,4,FBBLNAT,APPLE.FIREBLIGHT,Murray,Malus domestica,Canada,DEVELOPED,,,,,,,,,,,PI,589486,,
1017553,PI,589490,,4,FBBLNAT,APPLE.FIREBLIGHT,Trent,Malus domestica,Canada,DEVELOPED,,,,,,,,,,,PI,589490,,
1017581,PI,589494,,4,FBBLNAT,APPLE.FIREBLIGHT,Patterson,Malus domestica,Canada,DEVELOPED,,,,,,,,,,,PI,589494,,
1017628,PI,589500,,4,FBBLNAT,APPLE.FIREBLIGHT,Cameron,Malus hybr.,Canada,DONATED,,,,,,,,,,,PI,589500,,
1017637,PI,589501,,4,FBBLNAT,APPLE.FIREBLIGHT,Norda,Malus domestica,Canada,DEVELOPED,,,,,,,,,,,PI,589501,,
1017665,PI,589505,,4,FBBLNAT,APPLE.FIREBLIGHT,Z 185,Malus domestica,Netherlands,COLLECTED,,,,,,,,,,,PI,589505,,
1017681,PI,589507,,4,FBBLNAT,APPLE.FIREBLIGHT,Hamilton,Malus hybr.,Canada,DONATED,,,,,,,,,,,PI,589507,,
1017787,PI,589520,,4,FBBLNAT,APPLE.FIREBLIGHT,Rhode Island Greening,Malus domestica,Unknown,COLLECTED,,,,,,,,,,,PI,589520,,
1017816,PI,589525,,4,FBBLNAT,APPLE.FIREBLIGHT,T-3913,Malus domestica,Canada,DONATED,,,,,,,,,,,PI,589525,,
1017889,PI,589533,,4,FBBLNAT,APPLE.FIREBLIGHT,Sampion,Malus domestica,Czech Republic,DONATED,,,,,,,,,,,PI,589533,,
1017890,PI,589534,,4,FBBLNAT,APPLE.FIREBLIGHT,Sudeten Reinette,Malus domestica,Czech Republic,DONATED,,,,,,,,,,,PI,589534,,
1017948,PI,589542,,4,FBBLNAT,APPLE.FIREBLIGHT,Narjadnoye Crysmskoye,Malus domestica,Soviet Union,COLLECTED,,,,,,,,,,,PI,589542,,
1017960,PI,589544,,4,FBBLNAT,APPLE.FIREBLIGHT,Salute,Malus domestica,Ukraine,DEVELOPED,,,,,,,,,,,PI,589544,,
1018022,PI,589554,,4,FBBLNAT,APPLE.FIREBLIGHT,Obilnoye,Malus domestica,Ukraine,DEVELOPED,,,,,,,,,,,PI,589554,,
1018030,PI,589555,,4,FBBLNAT,APPLE.FIREBLIGHT,Joys,Malus domestica,Soviet Union,COLLECTED,,,,,,,,,,,PI,589555,,
1018045,PI,589557,,4,FBBLNAT,APPLE.FIREBLIGHT,Calvil Crymskiy,Malus domestica,Soviet Union,COLLECTED,,,,,,,,,,,PI,589557,,
1018058,PI,589559,,4,FBBLNAT,APPLE.FIREBLIGHT,Crymus,Malus domestica,Ukraine,DEVELOPED,,,,,,,,,,,PI,589559,,
1018072,PI,589561,,4,FBBLNAT,APPLE.FIREBLIGHT,Shaphran Letnij,Malus domestica,Soviet Union,DEVELOPED,,,,,,,,,,,PI,589561,,
1018083,PI,589563,,4,FBBLNAT,APPLE.FIREBLIGHT,Brettacher,Malus domestica,Germany,DONATED,,,,,,,,,,,PI,589563,,
1018088,PI,589564,,4,FBBLNAT,APPLE.FIREBLIGHT,Kaiser Wilhelm,Malus domestica,Germany,COLLECTED,,,,,,,,,,,PI,589564,,
1018113,PI,589567,,4,FBBLNAT,APPLE.FIREBLIGHT,Schneiderapfel,Malus domestica,Germany,DONATED,,,,,,,,,,,PI,589567,,
1018117,PI,589568,,4,FBBLNAT,APPLE.FIREBLIGHT,Kardinal Bea,Malus domestica,Germany,DONATED,,,,,,,,,,,PI,589568,,
1018127,PI,589569,,4,FBBLNAT,APPLE.FIREBLIGHT,Zuccalmaglio,Malus domestica,Germany,DEVELOPED,,,,,,,,,,,PI,589569,,
1018132,PI,589570,,4,FBBLNAT,APPLE.FIREBLIGHT,E36-7,Malus hybr.,United States,DONATED,,,,,,,,,,,PI,589570,,
1018328,PI,589593,,4,FBBLNAT,APPLE.FIREBLIGHT,Blenheim Orange,Malus domestica,United Kingdom,DEVELOPED,,,,,,,,,,,PI,589593,,
1018352,PI,589597,,4,FBBLNAT,APPLE.FIREBLIGHT,Pigeonnet,Malus domestica,Belgium,DONATED,,,,,,,,,,,PI,589597,,
1018362,PI,589598,,4,FBBLNAT,APPLE.FIREBLIGHT,La Paix,Malus domestica,Belgium,DONATED,,,,,,,,,,,PI,589598,,
1018501,PI,589619,,4,FBBLNAT,APPLE.FIREBLIGHT,Hans Trio,Malus hybr.,United States,DEVELOPED,,,,,,,,,,,PI,589619,,
1018518,PI,589622,,4,FBBLNAT,APPLE.FIREBLIGHT,Wetonka,Malus hybr.,United States,DEVELOPED,,,,,,,,,,,PI,589622,,
1018555,PI,589627,,4,FBBLNAT,APPLE.FIREBLIGHT,Giant Crab,Malus hybr.,United States,COLLECTED,,,,,,,,,,,PI,589627,,
1018637,PI,589642,,4,FBBLNAT,APPLE.FIREBLIGHT,Eda,Malus hybr.,United States,DEVELOPED,,,,,,,,,,,PI,589642,,
1018757,PI,589656,,4,FBBLNAT,APPLE.FIREBLIGHT,Cheddar Cross,Malus domestica,United Kingdom,DEVELOPED,,,,,,,,,,,PI,589656,,
1018843,PI,589669,,4,FBBLNAT,APPLE.FIREBLIGHT,Holiday,Malus domestica,United States,DEVELOPED,,,,,,,,,,,PI,589669,,
1018919,PI,589679,,4,FBBLNAT,APPLE.FIREBLIGHT,Fillbarrel,Malus domestica,United Kingdom,DONATED,,,,,,,,,,,PI,589679,,
1018927,PI,589680,,4,FBBLNAT,APPLE.FIREBLIGHT,Suntan,Malus domestica,United Kingdom,DEVELOPED,,,,,,,,,,,PI,589680,,
1018994,PI,589688,,4,FBBLNAT,APPLE.FIREBLIGHT,Sweet Coppin,Malus domestica,United Kingdom,DONATED,,,,,,,,,,,PI,589688,,
1019023,PI,589691,,4,FBBLNAT,APPLE.FIREBLIGHT,Tale Sweet,Malus domestica,United Kingdom,DONATED,,,,,,,,,,,PI,589691,,
1019141,PI,589707,,4,FBBLNAT,APPLE.FIREBLIGHT,Lord Wolsley,Malus domestica,United Kingdom,DEVELOPED,,,,,,,,,,,PI,589707,,
1019463,PI,589713,,4,FBBLNAT,APPLE.FIREBLIGHT,Early Bird Red,Malus domestica,United States,DONATED,,,,,,,,,,,PI,589713,,
1019610,PI,589736,,4,FBBLNAT,APPLE.FIREBLIGHT,Wild Red,Malus hybr.,United States,DONATED,,,,,,,,,,,PI,589736,,
1020225,PI,589776,,4,FBBLNAT,APPLE.FIREBLIGHT,PRI 1316-1,Malus hybr.,United States,DEVELOPED,,,,,,,,,,,PI,589776,,
1020238,PI,589778,,4,FBBLNAT,APPLE.FIREBLIGHT,Co-op 27,Malus hybr.,United States,DEVELOPED,,,,,,,,,,,PI,589778,,
1020319,PI,589790,,4,FBBLNAT,APPLE.FIREBLIGHT,PRI 1484-1,Malus hybr.,United States,DEVELOPED,,,,,,,,,,,PI,589790,,
1020353,PI,589795,,4,FBBLNAT,APPLE.FIREBLIGHT,PRI 2482-100,Malus hybr.,United States,DEVELOPED,,,,,,,,,,,PI,589795,,
1020362,PI,589796,,4,FBBLNAT,APPLE.FIREBLIGHT,PRI 1571-3,Malus hybr.,United States,DEVELOPED,,,,,,,,,,,PI,589796,,
1020462,PI,589809,,4,FBBLNAT,APPLE.FIREBLIGHT,PRI 1660-5,Malus hybr.,United States,DEVELOPED,,,,,,,,,,,PI,589809,,
1021313,PI,589851,,4,FBBLNAT,APPLE.FIREBLIGHT,Potomac,Malus domestica,United States,DEVELOPED,,,,,,,,,,,PI,589851,,
1021821,PI,589886,,4,FBBLNAT,APPLE.FIREBLIGHT,Beverly Hills,Malus domestica,United States,DEVELOPED,,,,,,,,,,,PI,589886,,
1021846,PI,589892,,4,FBBLNAT,APPLE.FIREBLIGHT,Golden Russet,Malus domestica,Unknown,COLLECTED,,,,,,,,,,,PI,589892,,
1021854,PI,589893,,4,FBBLNAT,APPLE.FIREBLIGHT,Holly,Malus domestica,United States,DEVELOPED,,,,,,,,,,,PI,589893,,
1021865,PI,589895,,4,FBBLNAT,APPLE.FIREBLIGHT,Macoun,Malus domestica,United States,DEVELOPED,,,,,,,,,,,PI,589895,,
1021889,PI,589899,,4,FBBLNAT,APPLE.FIREBLIGHT,Red Baron,Malus domestica,United States,DONATED,,,,,,,,,,,PI,589899,,
1021899,PI,589901,,4,FBBLNAT,APPLE.FIREBLIGHT,Redwell,Malus domestica,United States,DEVELOPED,,,,,,,,,,,PI,589901,,
1021930,PI,589906,,4,FBBLNAT,APPLE.FIREBLIGHT,Sweet Sixteen,Malus domestica,United States,DEVELOPED,,,,,,,,,,,PI,589906,,
1021981,PI,589913,,4,FBBLNAT,APPLE.FIREBLIGHT,Dorsett Golden,Malus domestica,United States,DONATED,,,,,,,,,,,PI,589913,,
1022000,PI,589916,,4,FBBLNAT,APPLE.FIREBLIGHT,Glorie van Holland,Malus domestica,Netherlands,DEVELOPED,,,,,,,,,,,PI,589916,,
1022031,PI,589921,,4,FBBLNAT,APPLE.FIREBLIGHT,Odin,Malus domestica,Netherlands,DEVELOPED,,,,,,,,,,,PI,589921,,
1022047,PI,589923,,4,FBBLNAT,APPLE.FIREBLIGHT,Red Dijmanszoet,Malus domestica,Netherlands,DONATED,,,,,,,,,,,PI,589923,,
1023455,PI,590042,,4,FBBLNAT,APPLE.FIREBLIGHT,GMAL 3157,Malus hupehensis,Unknown,COLLECTED,,,,,,,,,,,PI,590042,,
1024573,PI,590111,,4,FBBLNAT,APPLE.FIREBLIGHT,Yellow Autumn Crab Apple,Malus hybr.,Japan,COLLECTED,,,,,,,,,,,PI,590111,,
1024691,PI,590131,,4,FBBLNAT,APPLE.FIREBLIGHT,Isle of Wight Pippin,Malus domestica,United Kingdom,DONATED,,,,,,,,,,,PI,590131,,
1024780,PI,590146,,4,FBBLNAT,APPLE.FIREBLIGHT,Crandall,Malus domestica,United States,DEVELOPED,,,,,,,,,,,PI,590146,,
1024891,PI,590169,,4,FBBLNAT,APPLE.FIREBLIGHT,J-TE-G,Malus domestica,Czechoslovakia,COLLECTED,,,,,,,,,,,PI,590169,,
1086849,PI,588747,,4,FBBLNAT,APPLE.FIREBLIGHT,Florina,Malus domestica,France,DONATED,,,,,,,,,,,PI,588747,,
1133187,PI,127011,,4,FBBLNAT,APPLE.FIREBLIGHT,Imperial,Malus domestica,United Kingdom,DONATED,,,,,,,,,,,PI,127011,,
1133232,PI,127311,,4,FBBLNAT,APPLE.FIREBLIGHT,Amere de Berthecourt,Malus domestica,France,DONATED,,,,,,,,,,,PI,127311,,
1133289,PI,127702,,4,FBBLNAT,APPLE.FIREBLIGHT,Olga Crab,Malus hybr.,United States,COLLECTED,,,,,,,,,,,PI,127702,,
1134377,PI,134668,,4,FBBLNAT,APPLE.FIREBLIGHT,Pomme Cloche,Malus domestica,Switzerland,DONATED,,,,,,,,,,,PI,134668,,
1134394,PI,134807,,4,FBBLNAT,APPLE.FIREBLIGHT,Goldreinette v. Cazis,Malus domestica,Switzerland,DONATED,,,,,,,,,,,PI,134807,,
1134395,PI,134808,,4,FBBLNAT,APPLE.FIREBLIGHT,Glockenapfel,Malus domestica,Switzerland,DONATED,,,,,,,,,,,PI,134808,,
1134665,PI,135983,,4,FBBLNAT,APPLE.FIREBLIGHT,Kurosh Siberica x Bellfleur,Malus hybr.,China,DONATED,,,,,,,,,,,PI,135983,,
1134824,PI,137056,,4,FBBLNAT,APPLE.FIREBLIGHT,Surprise Reinette,Malus domestica,Switzerland,DONATED,,,,,,,,,,,PI,137056,,
1135322,PI,141243,,4,FBBLNAT,APPLE.FIREBLIGHT,Rougemont,Malus domestica,United Kingdom,DEVELOPED,,,,,,,,,,,PI,141243,,
1135663,PI,143180,,4,FBBLNAT,APPLE.FIREBLIGHT,Lobo,Malus domestica,Canada,DEVELOPED,,,,,,,,,,,PI,143180,,
1139525,PI,161761,,4,FBBLNAT,APPLE.FIREBLIGHT,Grosse Launette,Malus domestica,France,DONATED,,,,,,,,,,,PI,161761,,
1140201,PI,162712,,4,FBBLNAT,APPLE.FIREBLIGHT,Colozette,Malus domestica,France,DONATED,,,,,,,,,,,PI,162712,,
1153362,PI,176819,,4,FBBLNAT,APPLE.FIREBLIGHT,Laxton&#39;s Reward,Malus domestica,United Kingdom,DEVELOPED,,,,,,,,,,,PI,176819,,
1161405,PI,188523,,4,FBBLNAT,APPLE.FIREBLIGHT,ShellinKout,Malus domestica,Netherlands,DONATED,,,,,,,,,,,PI,188523,,
1168614,PI,199008,,4,FBBLNAT,APPLE.FIREBLIGHT,Merton Russet,Malus domestica,United Kingdom,DEVELOPED,,,,,,,,,,,PI,199008,,
1168806,PI,199527,,4,FBBLNAT,APPLE.FIREBLIGHT,Korei,Malus domestica,Japan,DEVELOPED,,,,,,,,,,,PI,199527,,
1168808,PI,199532,,4,FBBLNAT,APPLE.FIREBLIGHT,Toyo,Malus domestica,Japan,DEVELOPED,,,,,,,,,,,PI,199532,,
1172620,PI,205462,,4,FBBLNAT,APPLE.FIREBLIGHT,Merton Pippin,Malus domestica,United Kingdom,DEVELOPED,,,,,,,,,,,PI,205462,,
1174513,PI,209939,,4,FBBLNAT,APPLE.FIREBLIGHT,Subtropical Apple,Malus domestica,South Africa,DONATED,,,,,,,,,,,PI,209939,,
1180449,PI,223602,,4,FBBLNAT,APPLE.FIREBLIGHT,Mutsu,Malus domestica,Japan,DEVELOPED,,,,,,,,,,,PI,223602,,
1180727,PI,224610,,4,FBBLNAT,APPLE.FIREBLIGHT,Huvitus,Malus domestica,Finland,DONATED,,,,,,,,,,,PI,224610,,
1197624,PI,259453,,4,FBBLNAT,APPLE.FIREBLIGHT,Piervomaiskoie,Malus domestica,Poland,DONATED,,,,,,,,,,,PI,259453,,
1208408,PI,279643,,4,FBBLNAT,APPLE.FIREBLIGHT,Ivette,Malus domestica,Netherlands,DEVELOPED,,,,,,,,,,,PI,279643,,
1208599,PI,280008,,4,FBBLNAT,APPLE.FIREBLIGHT,Ananas Reinette x James Grieve,Malus domestica,Slovenia,DONATED,,,,,,,,,,,PI,280008,,
1221722,PI,292136,,4,FBBLNAT,APPLE.FIREBLIGHT,Zabaoani,Malus domestica,Israel,DONATED,,,,,,,,,,,PI,292136,,
1222596,PI,293886,,4,FBBLNAT,APPLE.FIREBLIGHT,Smordodina,Malus domestica,United States,DONATED,,,,,,,,,,,PI,293886,,
1226719,PI,300258,,4,FBBLNAT,APPLE.FIREBLIGHT,Belle de Boskoop,Malus domestica,Unknown,COLLECTED,,,,,,,,,,,PI,300258,,
1229851,PI,307382,,4,FBBLNAT,APPLE.FIREBLIGHT,Sturmer Pippin,Malus domestica,United Kingdom,DEVELOPED,,,,,,,,,,,PI,307382,,
1229876,PI,307505,,4,FBBLNAT,APPLE.FIREBLIGHT,Grotz Liebling,Malus domestica,Germany,DONATED,,,,,,,,,,,PI,307505,,
1229953,PI,307690,,4,FBBLNAT,APPLE.FIREBLIGHT,Professor Sprenger,Malus hybr.,Netherlands,DEVELOPED,,,,,,,,,,,PI,307690,,
1263389,PI,352654,,4,FBBLNAT,APPLE.FIREBLIGHT,Elita 20 Marculesti,Malus domestica,United States,DONATED,,,,,,,,,,,PI,352654,,
1287728,PI,383515,,4,FBBLNAT,APPLE.FIREBLIGHT,Poeltsamaa Winter Apple,Malus domestica,Russian Federation,DONATED,,,,,,,,,,,PI,383515,,
1287736,PI,383524,,4,FBBLNAT,APPLE.FIREBLIGHT,Uralian Winter Apple,Malus domestica,Russian Federation,DONATED,,,,,,,,,,,PI,383524,,
1287737,PI,383526,,4,FBBLNAT,APPLE.FIREBLIGHT,Yellow Arkad,Malus domestica,Russian Federation,DONATED,,,,,,,,,,,PI,383526,,
1294433,PI,392293,,4,FBBLNAT,APPLE.FIREBLIGHT,AR 86-1-6,Malus domestica,United Kingdom,DONATED,,,,,,,,,,,PI,392293,,
1331972,PI,437036,,4,FBBLNAT,APPLE.FIREBLIGHT,Aromat de Vara,Malus domestica,Romania,COLLECTED,,,,,,,,,,,PI,437036,,
1331973,PI,437037,,4,FBBLNAT,APPLE.FIREBLIGHT,Ein Shemer 28,Malus domestica,Israel,DONATED,,,,,,,,,,,PI,437037,,
1331975,PI,437039,,4,FBBLNAT,APPLE.FIREBLIGHT,Budagovsky 57-233,Malus domestica,Poland,DONATED,,,,,,,,,,,PI,437039,,
1331990,PI,437054,,4,FBBLNAT,APPLE.FIREBLIGHT,Splendour,Malus hybr.,New Zealand,DONATED,,,,,,,,,,,PI,437054,,
1378191,PI,483255,,4,FBBLNAT,APPLE.FIREBLIGHT,Priam,Malus domestica,France,DONATED,,,,,,,,,,,PI,483255,,
1378195,PI,483259,,4,FBBLNAT,APPLE.FIREBLIGHT,Genvina,Malus baccata,United Kingdom,DONATED,,,,,,,,,,,PI,483259,,
1378199,PI,483263,,4,FBBLNAT,APPLE.FIREBLIGHT,10/12/B,Malus domestica,Israel,DONATED,,,,,,,,,,,PI,483263,,
1397097,PI,502161,,4,FBBLNAT,APPLE.FIREBLIGHT,FO-59-4,Malus domestica,Romania,DONATED,,,,,,,,,,,PI,502161,,
1397184,PI,502248,,4,FBBLNAT,APPLE.FIREBLIGHT,Lady Williams,Malus domestica,Australia,COLLECTED,,,,,,,,,,,PI,502248,,
1401296,PI,506360,,4,FBBLNAT,APPLE.FIREBLIGHT,Hordapfel,Malus domestica,Switzerland,DONATED,,,,,,,,,,,PI,506360,,
1498664,PI,613970,,4,FBBLNAT,APPLE.FIREBLIGHT,KAZ 95 05-06,Malus sieversii,Kazakhstan,COLLECTED,47.24416667,81.57055556,,,,,,,,,PI,613970,,
1498675,PI,613979,,4,FBBLNAT,APPLE.FIREBLIGHT,KAZ 95 10-05F,Malus sieversii,Kazakhstan,COLLECTED,47.26444444,81.58472222,,,,,,,,,PI,613979,,
1519452,PI,594104,,4,FBBLNAT,APPLE.FIREBLIGHT,GMAL 2251,Malus sieversii var. turkmenorum,Russian Federation,DONATED,,,,,,,,,,,PI,594104,.a,
1600227,PI,613797,,4,FBBLNAT,APPLE.FIREBLIGHT,GMAL 275.e1,Malus x micromalus,United States,DONATED,,,,,,,,,,,PI,613797,.e,
1600234,PI,613809,,4,FBBLNAT,APPLE.FIREBLIGHT,GMAL 393.c1,Malus baccata,United States,DONATED,,,,,,,,,,,PI,613809,.c,
1600244,PI,613841,,4,FBBLNAT,APPLE.FIREBLIGHT,GMAL 1883.a1,Malus baccata,China,COLLECTED,,,,,,,,,,,PI,613841,.a,
1600303,PI,613838,,4,FBBLNAT,APPLE.FIREBLIGHT,GMAL 1881.e1,Malus toringo,China,COLLECTED,,,,,,,,,,,PI,613838,.e,
1600342,PI,613864,,4,FBBLNAT,APPLE.FIREBLIGHT,GMAL 2520.b1,Malus sylvestris,North Macedonia,DONATED,,,,,,,,,,,PI,613864,.b,
1001442,PI,588750,,5,FBBLNAT,APPLE.FIREBLIGHT,BII,Malus domestica,United States,DONATED,,,,,,,,,,,PI,588750,,
1002152,PI,588772,,5,FBBLNAT,APPLE.FIREBLIGHT,Monroe,Malus domestica,United States,DEVELOPED,,,,,,,,,,,PI,588772,,
1002303,PI,588778,,5,FBBLNAT,APPLE.FIREBLIGHT,Virginiagold,Malus domestica,United States,DEVELOPED,,,,,,,,,,,PI,588778,,
1002318,PI,588779,,5,FBBLNAT,APPLE.FIREBLIGHT,Wealthy Double Red PC-310,Malus domestica,United States,DONATED,,,,,,,,,,,PI,588779,,
1002470,PI,588785,,5,FBBLNAT,APPLE.FIREBLIGHT,Esopus Spitzenburg,Malus domestica,United States,DONATED,,,,,,,,,,,PI,588785,,
1002697,PI,588796,,5,FBBLNAT,APPLE.FIREBLIGHT,Frumos de Voinesta,Malus domestica,United States,DONATED,,,,,,,,,,,PI,588796,,
1002738,PI,588798,,5,FBBLNAT,APPLE.FIREBLIGHT,Rambo-Red Summer,Malus domestica,United States,DONATED,,,,,,,,,,,PI,588798,,
1002855,PI,588804,,5,FBBLNAT,APPLE.FIREBLIGHT,Kansas K14,Malus hybr.,United States,DONATED,,,,,,,,,,,PI,588804,,
1002911,PI,588805,,5,FBBLNAT,APPLE.FIREBLIGHT,Tolman Sweet,Malus domestica,United States,DONATED,,,,,,,,,,,PI,588805,,
1002985,PI,588808,,5,FBBLNAT,APPLE.FIREBLIGHT,Bulmer Norman,Malus domestica,United Kingdom,COLLECTED,,,,,,,,,,,PI,588808,,
1003025,PI,588810,,5,FBBLNAT,APPLE.FIREBLIGHT,Nittany,Malus domestica,United States,DEVELOPED,,,,,,,,,,,PI,588810,,
1003048,PI,588811,,5,FBBLNAT,APPLE.FIREBLIGHT,MM.102,Malus domestica,United Kingdom,COLLECTED,,,,,,,,,,,PI,588811,,
1003261,PI,588819,,5,FBBLNAT,APPLE.FIREBLIGHT,Vista Bella,Malus domestica,United States,DEVELOPED,,,,,,,,,,,PI,588819,,
1003860,PI,588853,,5,FBBLNAT,APPLE.FIREBLIGHT,Cox&#39;s Orange Pippin,Malus domestica,United Kingdom,DEVELOPED,,,,,,,,,,,PI,588853,,
1003992,PI,588860,,5,FBBLNAT,APPLE.FIREBLIGHT,Spigold,Malus domestica,United States,DEVELOPED,,,,,,,,,,,PI,588860,,
1004224,PI,588877,,5,FBBLNAT,APPLE.FIREBLIGHT,M.2,Malus domestica,United Kingdom,COLLECTED,,,,,,,,,,,PI,588877,,
1004230,PI,588878,,5,FBBLNAT,APPLE.FIREBLIGHT,Lodi,Malus domestica,United States,DEVELOPED,,,,,,,,,,,PI,588878,,
1004244,PI,588879,,5,FBBLNAT,APPLE.FIREBLIGHT,M.25,Malus domestica,United Kingdom,COLLECTED,,,,,,,,,,,PI,588879,,
1004259,PI,588881,,5,FBBLNAT,APPLE.FIREBLIGHT,Ottawa 3,Malus hybr.,Canada,DEVELOPED,,,,,,,,,,,PI,588881,,
1004377,PI,588891,,5,FBBLNAT,APPLE.FIREBLIGHT,Robin,Malus hybr.,Canada,DEVELOPED,,,,,,,,,,,PI,588891,,
1004989,PI,588939,,5,FBBLNAT,APPLE.FIREBLIGHT,Honeygold,Malus domestica,United States,DEVELOPED,,,,,,,,,,,PI,588939,,
1005004,PI,588941,,5,FBBLNAT,APPLE.FIREBLIGHT,Jonagold,Malus domestica,United States,DEVELOPED,,,,,,,,,,,PI,588941,,
1006012,PI,588950,,5,FBBLNAT,APPLE.FIREBLIGHT,Stark,Malus domestica,United States,DONATED,,,,,,,,,,,PI,588950,,
1006407,PI,588969,,5,FBBLNAT,APPLE.FIREBLIGHT,Schoharie Spy,Malus domestica,United States,DEVELOPED,,,,,,,,,,,PI,588969,,
1006424,PI,588970,,5,FBBLNAT,APPLE.FIREBLIGHT,Shaw Ribston,Malus domestica,Canada,DEVELOPED,,,,,,,,,,,PI,588970,,
1006540,PI,588977,,5,FBBLNAT,APPLE.FIREBLIGHT,Atlas,Malus domestica,Canada,DEVELOPED,,,,,,,,,,,PI,588977,,
1007070,PI,589016,,5,FBBLNAT,APPLE.FIREBLIGHT,Aldenhamensis,Malus x purpurea,United States,DONATED,,,,,,,,,,,PI,589016,,
1007164,PI,589023,,5,FBBLNAT,APPLE.FIREBLIGHT,Early McIntosh,Malus domestica,United States,DEVELOPED,,,,,,,,,,,PI,589023,,
1007930,PI,589054,,5,FBBLNAT,APPLE.FIREBLIGHT,Red Astrachan,Malus domestica,United States,DONATED,,,,,,,,,,,PI,589054,,
1009040,PI,589101,,5,FBBLNAT,APPLE.FIREBLIGHT,Sweet Bough,Malus domestica,United States,DONATED,,,,,,,,,,,PI,589101,,
1009428,PI,589122,,5,FBBLNAT,APPLE.FIREBLIGHT,Kimball McIntosh 2-4-4-4,Malus domestica,United States,DEVELOPED,,,,,,,,,,,PI,589122,,
1010184,PI,589141,,5,FBBLNAT,APPLE.FIREBLIGHT,Autumn Arctic,Malus domestica,United States,DEVELOPED,,,,,,,,,,,PI,589141,,
1010527,PI,589156,,5,FBBLNAT,APPLE.FIREBLIGHT,King David,Malus domestica,United States,DEVELOPED,,,,,,,,,,,PI,589156,,
1010745,PI,589166,,5,FBBLNAT,APPLE.FIREBLIGHT,Ruberima,Malus pumila,Unknown,COLLECTED,,,,,,,,,,,PI,589166,,
1011126,PI,589184,,5,FBBLNAT,APPLE.FIREBLIGHT,Dulcis,Malus prunifolia,United States,DONATED,,,,,,,,,,,PI,589184,,
1013864,PI,589307,,5,FBBLNAT,APPLE.FIREBLIGHT,Stafford,Malus domestica,United States,DEVELOPED,,,,,,,,,,,PI,589307,,
1016535,PI,589411,,5,FBBLNAT,APPLE.FIREBLIGHT,M. marjorensis &#39;Formosa&#39;,Malus spp.,United States,DONATED,,,,,,,,,,,PI,589411,,
1017005,PI,589431,,5,FBBLNAT,APPLE.FIREBLIGHT,Ogden,Malus domestica,United States,DEVELOPED,,,,,,,,,,,PI,589431,,
1017384,PI,589466,,5,FBBLNAT,APPLE.FIREBLIGHT,Roda Mantet,Malus domestica,Canada,DONATED,,,,,,,,,,,PI,589466,,
1017484,PI,589480,,5,FBBLNAT,APPLE.FIREBLIGHT,Westland,Malus domestica,Canada,DEVELOPED,,,,,,,,,,,PI,589480,,
1017515,PI,589484,,5,FBBLNAT,APPLE.FIREBLIGHT,Tanner,Malus hybr.,Canada,DONATED,,,,,,,,,,,PI,589484,,
1017538,PI,589488,,5,FBBLNAT,APPLE.FIREBLIGHT,Korichnoe Novae K23938,Malus domestica,Soviet Union,COLLECTED,,,,,,,,,,,PI,589488,,
1017567,PI,589492,,5,FBBLNAT,APPLE.FIREBLIGHT,Katja,Malus domestica,Sweden,DEVELOPED,,,,,,,,,,,PI,589492,,
1017638,PI,589502,,5,FBBLNAT,APPLE.FIREBLIGHT,Z 71,Malus domestica,Netherlands,COLLECTED,,,,,,,,,,,PI,589502,,
1017652,PI,589504,,5,FBBLNAT,APPLE.FIREBLIGHT,Kestrel,Malus domestica,Canada,DEVELOPED,,,,,,,,,,,PI,589504,,
1017716,PI,589511,,5,FBBLNAT,APPLE.FIREBLIGHT,Severny Sinap K-21.39,Malus domestica,Soviet Union,COLLECTED,,,,,,,,,,,PI,589511,,
1017725,PI,589512,,5,FBBLNAT,APPLE.FIREBLIGHT,F 12 A28,Malus domestica,Unknown,COLLECTED,,,,,,,,,,,PI,589512,,
1017959,PI,589543,,5,FBBLNAT,APPLE.FIREBLIGHT,Beforest,Malus domestica,Soviet Union,COLLECTED,,,,,,,,,,,PI,589543,,
1017973,PI,589545,,5,FBBLNAT,APPLE.FIREBLIGHT,Vystavochnoye,Malus domestica,Soviet Union,DEVELOPED,,,,,,,,,,,PI,589545,,
1017984,PI,589547,,5,FBBLNAT,APPLE.FIREBLIGHT,Novinka,Malus domestica,,DEVELOPED,,,,,,,,,,,PI,589547,,
1018035,PI,589556,,5,FBBLNAT,APPLE.FIREBLIGHT,Souvenir,Malus domestica,Ukraine,DEVELOPED,,,,,,,,,,,PI,589556,,
1018199,PI,589575,,5,FBBLNAT,APPLE.FIREBLIGHT,Ellison&#39;s Orange,Malus domestica,United Kingdom,DEVELOPED,,,,,,,,,,,PI,589575,,
1018273,PI,589585,,5,FBBLNAT,APPLE.FIREBLIGHT,Holaart Doux,Malus domestica,Belgium,DONATED,,,,,,,,,,,PI,589585,,
1018305,PI,589589,,5,FBBLNAT,APPLE.FIREBLIGHT,Directeur Lesage,Malus domestica,Belgium,DONATED,,,,,,,,,,,PI,589589,,
1018417,PI,589607,,5,FBBLNAT,APPLE.FIREBLIGHT,Sasha,Malus hybr.,United States,DEVELOPED,,,,,,,,,,,PI,589607,,
1018627,PI,589640,,5,FBBLNAT,APPLE.FIREBLIGHT,Wakapala,Malus hybr.,United States,DEVELOPED,,,,,,,,,,,PI,589640,,
1018721,PI,589650,,5,FBBLNAT,APPLE.FIREBLIGHT,Ellis Bitter,Malus domestica,United Kingdom,DONATED,,,,,,,,,,,PI,589650,,
1018769,PI,589658,,5,FBBLNAT,APPLE.FIREBLIGHT,St. Edmund&#39;s Russet,Malus domestica,United Kingdom,DONATED,,,,,,,,,,,PI,589658,,
1018781,PI,589660,,5,FBBLNAT,APPLE.FIREBLIGHT,Holstein,Malus domestica,United Kingdom,COLLECTED,,,,,,,,,,,PI,589660,,
1018791,PI,589661,,5,FBBLNAT,APPLE.FIREBLIGHT,Emneth Early,Malus domestica,United Kingdom,DEVELOPED,,,,,,,,,,,PI,589661,,
1018794,PI,589662,,5,FBBLNAT,APPLE.FIREBLIGHT,Brown&#39;s Apple,Malus domestica,United Kingdom,DONATED,,,,,,,,,,,PI,589662,,
1018816,PI,589665,,5,FBBLNAT,APPLE.FIREBLIGHT,Sunburn,Malus domestica,United Kingdom,DEVELOPED,,,,,,,,,,,PI,589665,,
1018820,PI,589666,,5,FBBLNAT,APPLE.FIREBLIGHT,Dunkerton Late Sweet,Malus domestica,United Kingdom,DONATED,,,,,,,,,,,PI,589666,,
1018829,PI,589667,,5,FBBLNAT,APPLE.FIREBLIGHT,Doux Normandie,Malus domestica,United Kingdom,DONATED,,,,,,,,,,,PI,589667,,
1018860,PI,589671,,5,FBBLNAT,APPLE.FIREBLIGHT,Court Royal,Malus domestica,United Kingdom,DONATED,,,,,,,,,,,PI,589671,,
1018940,PI,589682,,5,FBBLNAT,APPLE.FIREBLIGHT,Improved Lambrook Pippin,Malus domestica,United Kingdom,DONATED,,,,,,,,,,,PI,589682,,
1019032,PI,589692,,5,FBBLNAT,APPLE.FIREBLIGHT,Stembridge Cluster,Malus domestica,United Kingdom,DONATED,,,,,,,,,,,PI,589692,,
1019050,PI,589695,,5,FBBLNAT,APPLE.FIREBLIGHT,Merton Pearmain,Malus domestica,United Kingdom,DONATED,,,,,,,,,,,PI,589695,,
1019060,PI,589696,,5,FBBLNAT,APPLE.FIREBLIGHT,Chiver&#39;s Delight,Malus domestica,United Kingdom,DEVELOPED,,,,,,,,,,,PI,589696,,
1019105,PI,589703,,5,FBBLNAT,APPLE.FIREBLIGHT,Kingston Black,Malus domestica,United Kingdom,DONATED,,,,,,,,,,,PI,589703,,
1019536,PI,589726,,5,FBBLNAT,APPLE.FIREBLIGHT,Britegold,Malus domestica,Canada,DEVELOPED,,,,,,,,,,,PI,589726,,
1020262,PI,589782,,5,FBBLNAT,APPLE.FIREBLIGHT,PRI 14-126,Malus hybr.,United States,DEVELOPED,,,,,,,,,,,PI,589782,,
1020597,PI,589825,,5,FBBLNAT,APPLE.FIREBLIGHT,PRI 1660-104,Malus hybr.,United States,DEVELOPED,,,,,,,,,,,PI,589825,,
1021306,PI,589849,,5,FBBLNAT,APPLE.FIREBLIGHT,Merton Ace,Malus domestica,United Kingdom,DEVELOPED,,,,,,,,,,,PI,589849,,
1021820,PI,589885,,5,FBBLNAT,APPLE.FIREBLIGHT,Beacon,Malus domestica,United States,DEVELOPED,,,,,,,,,,,PI,589885,,
1021882,PI,589898,,5,FBBLNAT,APPLE.FIREBLIGHT,Prairie Spy,Malus domestica,United States,DEVELOPED,,,,,,,,,,,PI,589898,,
1021952,PI,589908,,5,FBBLNAT,APPLE.FIREBLIGHT,Whitney Crab,Malus hybr.,United States,DEVELOPED,,,,,,,,,,,PI,589908,,
1021991,PI,589914,,5,FBBLNAT,APPLE.FIREBLIGHT,Beatrix,Malus domestica,Netherlands,DONATED,,,,,,,,,,,PI,589914,,
1022050,PI,589924,,5,FBBLNAT,APPLE.FIREBLIGHT,Sweet Caroline,Malus domestica,Netherlands,DONATED,,,,,,,,,,,PI,589924,,
1022056,PI,589926,,5,FBBLNAT,APPLE.FIREBLIGHT,M.10,Malus domestica,United Kingdom,COLLECTED,,,,,,,,,,,PI,589926,,
1022068,PI,589928,,5,FBBLNAT,APPLE.FIREBLIGHT,M.13,Malus domestica,United Kingdom,COLLECTED,,,,,,,,,,,PI,589928,,
1024793,PI,590150,,5,FBBLNAT,APPLE.FIREBLIGHT,Kingjon,Malus domestica,United States,DEVELOPED,,,,,,,,,,,PI,590150,,
1133288,PI,127686,,5,FBBLNAT,APPLE.FIREBLIGHT,Amsib Crab,Malus hybr.,United States,DEVELOPED,,,,,,,,,,,PI,127686,,
1135780,PI,143974,,5,FBBLNAT,APPLE.FIREBLIGHT,Sugar Crab,Malus hybr.,Canada,DONATED,,,,,,,,,,,PI,143974,,
1139557,PI,161831,,5,FBBLNAT,APPLE.FIREBLIGHT,Cherry Pearmain,Malus domestica,United Kingdom,DONATED,,,,,,,,,,,PI,161831,,
1140213,PI,162729,,5,FBBLNAT,APPLE.FIREBLIGHT,Frequin Rouge,Malus domestica,France,DONATED,,,,,,,,,,,PI,162729,,
1140216,PI,162735,,5,FBBLNAT,APPLE.FIREBLIGHT,Mottais,Malus domestica,France,DONATED,,,,,,,,,,,PI,162735,,
1151023,PI,173978,,5,FBBLNAT,APPLE.FIREBLIGHT,American Forestier,Malus domestica,France,DONATED,,,,,,,,,,,PI,173978,,
1172619,PI,205461,,5,FBBLNAT,APPLE.FIREBLIGHT,Merton Delight,Malus domestica,United Kingdom,DEVELOPED,,,,,,,,,,,PI,205461,,
1172768,PI,206026,,5,FBBLNAT,APPLE.FIREBLIGHT,Honey Ball,Malus domestica,Ireland,DONATED,,,,,,,,,,,PI,206026,,
1172771,PI,206031,,5,FBBLNAT,APPLE.FIREBLIGHT,Reid&#39;s Seedling,Malus domestica,United Kingdom,DEVELOPED,,,,,,,,,,,PI,206031,,
1192889,PI,249925,,5,FBBLNAT,APPLE.FIREBLIGHT,King Cole,Malus domestica,Australia,DEVELOPED,,,,,,,,,,,PI,249925,,
1196060,PI,255899,,5,FBBLNAT,APPLE.FIREBLIGHT,Akane,Malus domestica,Japan,DEVELOPED,,,,,,,,,,,PI,255899,,
1200103,PI,264556,,5,FBBLNAT,APPLE.FIREBLIGHT,Coe&#39;s Golden Drop,Malus domestica,United Kingdom,DONATED,,,,,,,,,,,PI,264556,,
1200485,PI,265301,,5,FBBLNAT,APPLE.FIREBLIGHT,Guldborg,Malus domestica,Denmark,DONATED,,,,,,,,,,,PI,265301,,
1206706,PI,276299,,5,FBBLNAT,APPLE.FIREBLIGHT,Freyberg,Malus domestica,New Zealand,DEVELOPED,,,,,,,,,,,PI,276299,,
1208609,PI,280022,,5,FBBLNAT,APPLE.FIREBLIGHT,Adams&#39;s Pearmain,Malus hybr.,United Kingdom,DEVELOPED,,,,,,,,,,,PI,280022,,
1208690,PI,280401,,5,FBBLNAT,APPLE.FIREBLIGHT,Ein Shemer,Malus domestica,Israel,DEVELOPED,,,,,,,,,,,PI,280401,,
1229178,PI,306320,,5,FBBLNAT,APPLE.FIREBLIGHT,Crittenden,Malus domestica,United Kingdom,DEVELOPED,,,,,,,,,,,PI,306320,,
1240806,PI,324523,,5,FBBLNAT,APPLE.FIREBLIGHT,Budagovski No.9,Malus domestica,Poland,DONATED,,,,,,,,,,,PI,324523,,
1251349,PI,337319,,5,FBBLNAT,APPLE.FIREBLIGHT,M.26,Malus domestica,United Kingdom,DONATED,,,,,,,,,,,PI,337319,,
1251350,PI,337320,,5,FBBLNAT,APPLE.FIREBLIGHT,MM.104,Malus domestica,United Kingdom,DONATED,,,,,,,,,,,PI,337320,,
1260649,PI,349326,,5,FBBLNAT,APPLE.FIREBLIGHT,Wemmershoek,Malus domestica,South Africa,DONATED,,,,,,,,,,,PI,349326,,
1277118,PI,369855,,5,FBBLNAT,APPLE.FIREBLIGHT,GMAL 262,Malus sylvestris,North Macedonia,DONATED,,,,,,,,,,,PI,369855,,
1287722,PI,383509,,5,FBBLNAT,APPLE.FIREBLIGHT,Golden Uralian,Malus domestica,Russian Federation,DONATED,,,,,,,,,,,PI,383509,,
1287731,PI,383518,,5,FBBLNAT,APPLE.FIREBLIGHT,Solncedar,Malus domestica,Russian Federation,DONATED,,,,,,,,,,,PI,383518,,
1294444,PI,392308,,5,FBBLNAT,APPLE.FIREBLIGHT,Kile,Malus domestica,Australia,DONATED,,,,,,,,,,,PI,392308,,
1294445,PI,392309,,5,FBBLNAT,APPLE.FIREBLIGHT,Potter,Malus domestica,Australia,DONATED,,,,,,,,,,,PI,392309,,
1331981,PI,437045,,5,FBBLNAT,APPLE.FIREBLIGHT,P-18,Malus domestica,Poland,DONATED,,,,,,,,,,,PI,437045,,
1483014,PI,188517,,5,FBBLNAT,APPLE.FIREBLIGHT,Koningszuur,Malus domestica,Netherlands,DEVELOPED,,,,,,,,,,,PI,188517,,
1519460,PI,594102,,5,FBBLNAT,APPLE.FIREBLIGHT,GMAL 1890,Malus prunifolia,United States,DONATED,,,,,,,,,,,PI,594102,.a,