apple_id,nac,pg1,soft_top_chr10,tpc_top_chr15,tpc_2nd_chr16,firm_stor_top_chr16,nac_alleles,pg1_alleles,soft_top_chr10_alleles,tpc_top_chr15_alleles,tpc_2nd_chr16_alleles,firm_stor_top_chr16_alleles
1,0,1,0,0,0,1,CC,TG,CC,TT,AA,CA
3,0,1,0,0,0,1,CC,TG,CC,TT,AA,CA
4,0,2,0,0,0,1,CC,TT,CC,TT,AA,CA
5,0,1,0,0,0,0,CC,TG,CC,TT,AA,AA
6,0,1,1,0,0,0,CC,TG,TC,TT,AA,AA
7,0,0,0,0,0,1,CC,GG,CC,TT,AA,CA
8,0,0,0,0,0,1,CC,GG,CC,TT,AA,CA
9,1,2,2,0,0,0,AC,TT,TT,TT,AA,AA
10,0,0,0,0,0,0,CC,GG,CC,TT,AA,AA
11,1,0,0,0,0,1,AC,GG,CC,TT,AA,CA
12,0,1,0,0,0,1,CC,TG,CC,TT,AA,CA
13,0,2,0,0,0,0,CC,TT,CC,TT,AA,AA
14,0,1,0,0,0,2,CC,TG,CC,TT,AA,CC
15,0,0,0,0,0,0,CC,GG,CC,TT,AA,AA
16,0,1,0,0,0,0,CC,TG,CC,TT,AA,AA
18,0,2,0,0,0,1,CC,TT,CC,TT,AA,CA
19,0,2,1,0,0,1,CC,TT,TC,TT,AA,CA
20,1,1,0,0,0,0,AC,TG,CC,TT,AA,AA
21,0,1,0,0,0,0,CC,TG,CC,TT,AA,AA
22,0,0,0,0,0,0,CC,GG,CC,TT,AA,AA
23,0,2,1,0,0,0,CC,TT,TC,TT,AA,AA
24,0,1,0,0,0,0,CC,TG,CC,TT,AA,AA
25,0,1,1,0,0,2,CC,TG,TC,TT,AA,CC
26,0,0,0,0,0,0,CC,GG,CC,TT,AA,AA
27,0,1,0,0,0,1,CC,TG,CC,TT,AA,CA
28,0,1,0,0,0,1,CC,TG,CC,TT,AA,CA
29,0,1,0,0,0,1,CC,TG,CC,TT,AA,CA
30,0,1,0,0,0,1,CC,TG,CC,TT,AA,CA
31,0,1,1,0,0,0,CC,TG,TC,TT,AA,AA
32,0,1,0,0,0,0,CC,TG,CC,TT,AA,AA
33,0,0,0,0,0,0,CC,GG,CC,TT,AA,AA
34,0,1,1,0,0,1,CC,TG,TC,TT,AA,CA
35,0,1,0,0,0,1,CC,TG,CC,TT,AA,CA
36,1,2,0,0,0,0,AC,TT,CC,TT,AA,AA
37,0,2,1,0,0,1,CC,TT,TC,TT,AA,CA
38,0,0,0,0,0,0,CC,GG,CC,TT,AA,AA
39,0,1,0,0,0,1,CC,TG,CC,TT,AA,CA
40,0,1,0,0,0,1,CC,TG,CC,TT,AA,CA
41,0,0,0,0,0,0,CC,GG,CC,TT,AA,AA
43,0,0,0,0,0,0,CC,GG,CC,TT,AA,AA
44,0,1,0,0,0,1,CC,TG,CC,TT,AA,CA
45,0,2,0,0,0,1,CC,TT,CC,TT,AA,CA
46,0,0,0,0,0,2,CC,GG,CC,TT,AA,CC
47,0,1,0,0,0,0,CC,TG,CC,TT,AA,AA
48,0,1,0,0,0,1,CC,TG,CC,TT,AA,CA
49,0,1,1,0,0,0,CC,TG,TC,TT,AA,AA
50,0,1,0,0,0,1,CC,TG,CC,TT,AA,CA
51,0,1,1,0,0,0,CC,TG,TC,TT,AA,AA
52,0,2,0,0,0,1,CC,TT,CC,TT,AA,CA
53,0,2,1,0,0,0,CC,TT,TC,TT,AA,AA
54,0,2,0,0,0,1,CC,TT,CC,TT,AA,CA
55,0,1,0,0,0,0,CC,TG,CC,TT,AA,AA
56,1,2,1,0,0,0,AC,TT,TC,TT,AA,AA
57,0,0,0,0,0,0,CC,GG,CC,TT,AA,AA
58,1,1,0,0,0,0,AC,TG,CC,TT,AA,AA
59,0,1,0,0,0,0,CC,TG,CC,TT,AA,AA
60,0,2,0,0,0,0,CC,TT,CC,TT,AA,AA
61,0,1,0,0,0,0,CC,TG,CC,TT,AA,AA
62,1,0,0,0,0,0,AC,GG,CC,TT,AA,AA
63,0,0,0,0,0,0,CC,GG,CC,TT,AA,AA
64,1,2,0,0,0,1,AC,TT,CC,TT,AA,CA
65,0,2,0,0,0,0,CC,TT,CC,TT,AA,AA
66,0,0,0,0,0,0,CC,GG,CC,TT,AA,AA
67,0,1,0,0,0,0,CC,TG,CC,TT,AA,AA
68,0,1,1,0,0,0,CC,TG,TC,TT,AA,AA
69,0,2,2,0,0,1,CC,TT,TT,TT,AA,CA
70,0,0,0,0,0,0,CC,GG,CC,TT,AA,AA
71,0,1,1,0,0,0,CC,TG,TC,TT,AA,AA
72,0,1,0,0,0,1,CC,TG,CC,TT,AA,CA
73,0,1,0,0,0,1,CC,TG,CC,TT,AA,CA
74,1,0,0,0,0,1,AC,GG,CC,TT,AA,CA
75,0,2,0,0,0,0,CC,TT,CC,TT,AA,AA
76,0,1,0,0,0,1,CC,TG,CC,TT,AA,CA
77,0,0,0,0,0,1,CC,GG,CC,TT,AA,CA
78,0,1,1,0,0,1,CC,TG,TC,TT,AA,CA
79,0,0,0,0,0,0,CC,GG,CC,TT,AA,AA
80,0,0,0,0,0,1,CC,GG,CC,TT,AA,CA
81,1,1,0,0,0,1,AC,TG,CC,TT,AA,CA
82,0,0,0,0,0,0,CC,GG,CC,TT,AA,AA
83,0,1,0,0,0,0,CC,TG,CC,TT,AA,AA
84,0,1,0,0,0,0,CC,TG,CC,TT,AA,AA
85,0,1,0,0,0,1,CC,TG,CC,TT,AA,CA
86,0,0,0,0,0,1,CC,GG,CC,TT,AA,CA
87,1,1,1,0,0,0,AC,TG,TC,TT,AA,AA
89,0,1,0,0,0,1,CC,TG,CC,TT,AA,CA
92,2,0,0,0,0,0,AA,GG,CC,TT,AA,AA
93,0,0,0,0,0,1,CC,GG,CC,TT,AA,CA
94,1,1,1,0,0,0,AC,TG,TC,TT,AA,AA
95,0,2,0,0,0,2,CC,TT,CC,TT,AA,CC
96,0,2,1,0,0,0,CC,TT,TC,TT,AA,AA
97,0,2,0,0,0,0,CC,TT,CC,TT,AA,AA
98,0,2,0,0,0,1,CC,TT,CC,TT,AA,CA
99,0,1,1,0,0,1,CC,TG,TC,TT,AA,CA
101,2,0,0,0,0,1,AA,GG,CC,TT,AA,CA
102,2,0,0,0,0,1,AA,GG,CC,TT,AA,CA
103,2,1,0,1,0,0,AA,TG,CC,AT,AA,AA
104,2,0,0,0,0,0,AA,GG,CC,TT,AA,AA
105,2,1,0,0,0,1,AA,TG,CC,TT,AA,CA
106,2,0,0,0,0,0,AA,GG,CC,TT,AA,AA
107,0,2,1,0,0,0,CC,TT,TC,TT,AA,AA
108,2,1,0,1,0,0,AA,TG,CC,AT,AA,AA
109,2,0,0,0,0,0,AA,GG,CC,TT,AA,AA
110,2,0,0,0,0,0,AA,GG,CC,TT,AA,AA
112,1,0,0,0,0,0,AC,GG,CC,TT,AA,AA
113,2,1,0,0,0,0,AA,TG,CC,TT,AA,AA
116,2,2,1,0,0,0,AA,TT,TC,TT,AA,AA
119,2,1,0,0,0,0,AA,TG,CC,TT,AA,AA
120,1,1,0,0,0,0,AC,TG,CC,TT,AA,AA
121,2,1,0,0,0,0,AA,TG,CC,TT,AA,AA
122,1,2,0,0,0,0,AC,TT,CC,TT,AA,AA
123,2,1,0,0,0,0,AA,TG,CC,TT,AA,AA
124,2,1,0,0,0,0,AA,TG,CC,TT,AA,AA
125,2,0,0,0,0,0,AA,GG,CC,TT,AA,AA
126,2,1,0,0,0,0,AA,TG,CC,TT,AA,AA
127,1,1,0,0,0,0,AC,TG,CC,TT,AA,AA
128,2,0,0,0,0,0,AA,GG,CC,TT,AA,AA
130,1,1,0,0,0,0,AC,TG,CC,TT,AA,AA
131,0,1,0,0,0,0,CC,TG,CC,TT,AA,AA
132,2,0,0,0,0,0,AA,GG,CC,TT,AA,AA
133,1,1,0,0,0,0,AC,TG,CC,TT,AA,AA
134,0,0,0,0,0,1,CC,GG,CC,TT,AA,CA
135,0,1,0,0,0,1,CC,TG,CC,TT,AA,CA
136,0,0,0,0,0,2,CC,GG,CC,TT,AA,CC
137,0,1,0,0,0,2,CC,TG,CC,TT,AA,CC
138,1,0,0,0,0,0,AC,GG,CC,TT,AA,AA
139,0,0,0,0,0,1,CC,GG,CC,TT,AA,CA
140,0,1,0,0,0,1,CC,TG,CC,TT,AA,CA
141,2,1,1,0,0,0,AA,TG,TC,TT,AA,AA
142,0,0,0,0,0,0,CC,GG,CC,TT,AA,AA
143,0,0,0,0,0,0,CC,GG,CC,TT,AA,AA
145,0,1,0,0,0,1,CC,TG,CC,TT,AA,CA
146,0,0,0,0,0,0,CC,GG,CC,TT,AA,AA
147,2,0,0,0,0,0,AA,GG,CC,TT,AA,AA
148,0,0,0,0,0,0,CC,GG,CC,TT,AA,AA
149,2,2,0,0,0,0,AA,TT,CC,TT,AA,AA
150,0,0,0,0,0,0,CC,GG,CC,TT,AA,AA
151,2,2,0,0,0,1,AA,TT,CC,TT,AA,CA
152,0,0,0,0,0,0,CC,GG,CC,TT,AA,AA
153,0,1,0,1,0,0,CC,TG,CC,AT,AA,AA
154,0,1,0,0,0,0,CC,TG,CC,TT,AA,AA
155,0,1,0,0,0,1,CC,TG,CC,TT,AA,CA
156,0,0,0,0,0,0,CC,GG,CC,TT,AA,AA
157,2,1,0,0,0,1,AA,TG,CC,TT,AA,CA
158,2,0,0,0,0,0,AA,GG,CC,TT,AA,AA
160,0,2,1,0,0,1,CC,TT,TC,TT,AA,CA
161,2,0,0,0,0,0,AA,GG,CC,TT,AA,AA
162,0,1,0,0,0,1,CC,TG,CC,TT,AA,CA
163,0,2,1,0,1,0,CC,TT,TC,TT,GA,AA
164,0,1,0,0,0,1,CC,TG,CC,TT,AA,CA
165,0,2,2,2,0,2,CC,TT,TT,AA,AA,CC
167,0,2,2,0,0,2,CC,TT,TT,TT,AA,CC
168,2,1,0,0,0,0,AA,TG,CC,TT,AA,AA
169,1,0,0,0,0,0,AC,GG,CC,TT,AA,AA
170,2,1,0,0,0,0,AA,TG,CC,TT,AA,AA
171,0,0,0,0,0,0,CC,GG,CC,TT,AA,AA
172,1,1,0,0,0,0,AC,TG,CC,TT,AA,AA
174,1,1,0,0,0,1,AC,TG,CC,TT,AA,CA
175,1,0,0,0,0,0,AC,GG,CC,TT,AA,AA
176,0,1,0,0,0,1,CC,TG,CC,TT,AA,CA
177,1,1,1,0,0,0,AC,TG,TC,TT,AA,AA
178,0,1,0,0,0,1,CC,TG,CC,TT,AA,CA
179,2,0,0,0,0,0,AA,GG,CC,TT,AA,AA
180,2,2,1,0,0,0,AA,TT,TC,TT,AA,AA
181,1,0,0,0,0,0,AC,GG,CC,TT,AA,AA
182,0,2,0,0,0,0,CC,TT,CC,TT,AA,AA
183,0,1,0,0,0,0,CC,TG,CC,TT,AA,AA
184,0,1,0,0,0,1,CC,TG,CC,TT,AA,CA
185,0,0,0,0,0,0,CC,GG,CC,TT,AA,AA
186,0,0,0,0,0,0,CC,GG,CC,TT,AA,AA
187,1,1,0,0,0,1,AC,TG,CC,TT,AA,CA
188,0,1,0,0,0,1,CC,TG,CC,TT,AA,CA
189,0,0,0,0,0,0,CC,GG,CC,TT,AA,AA
190,1,1,0,0,0,1,AC,TG,CC,TT,AA,CA
191,1,1,0,0,0,0,AC,TG,CC,TT,AA,AA
192,1,1,1,0,0,0,AC,TG,TC,TT,AA,AA
193,2,1,0,0,0,0,AA,TG,CC,TT,AA,AA
194,0,0,0,0,0,0,CC,GG,CC,TT,AA,AA
195,1,1,0,0,0,1,AC,TG,CC,TT,AA,CA
196,0,1,1,0,0,0,CC,TG,TC,TT,AA,AA
197,2,1,0,0,0,0,AA,TG,CC,TT,AA,AA
198,1,0,0,0,0,1,AC,GG,CC,TT,AA,CA
199,0,2,2,2,0,2,CC,TT,TT,AA,AA,CC
200,2,0,0,0,0,0,AA,GG,CC,TT,AA,AA
201,2,1,0,0,0,0,AA,TG,CC,TT,AA,AA
202,0,2,2,2,0,2,CC,TT,TT,AA,AA,CC
203,0,2,1,0,0,0,CC,TT,TC,TT,AA,AA
204,1,0,0,0,0,0,AC,GG,CC,TT,AA,AA
205,0,1,0,0,0,0,CC,TG,CC,TT,AA,AA
206,0,1,1,0,0,0,CC,TG,TC,TT,AA,AA
207,1,0,0,2,0,0,AC,GG,CC,AA,AA,AA
208,0,0,0,0,0,1,CC,GG,CC,TT,AA,CA
209,0,2,0,0,0,1,CC,TT,CC,TT,AA,CA
210,2,1,0,0,0,0,AA,TG,CC,TT,AA,AA
211,1,0,0,0,0,0,AC,GG,CC,TT,AA,AA
212,1,0,0,0,0,0,AC,GG,CC,TT,AA,AA
213,0,0,0,0,0,2,CC,GG,CC,TT,AA,CC
214,0,0,0,0,0,0,CC,GG,CC,TT,AA,AA
215,1,0,0,0,0,0,AC,GG,CC,TT,AA,AA
216,1,1,0,0,0,0,AC,TG,CC,TT,AA,AA
217,1,0,0,0,0,0,AC,GG,CC,TT,AA,AA
219,2,1,0,0,0,0,AA,TG,CC,TT,AA,AA
220,0,1,0,0,0,0,CC,TG,CC,TT,AA,AA
221,0,1,0,0,0,1,CC,TG,CC,TT,AA,CA
222,0,1,0,0,0,0,CC,TG,CC,TT,AA,AA
223,0,2,1,0,0,0,CC,TT,TC,TT,AA,AA
224,0,0,0,0,0,0,CC,GG,CC,TT,AA,AA
225,0,1,0,0,0,1,CC,TG,CC,TT,AA,CA
226,0,1,0,0,0,0,CC,TG,CC,TT,AA,AA
227,0,2,1,0,0,0,CC,TT,TC,TT,AA,AA
228,0,2,0,0,0,0,CC,TT,CC,TT,AA,AA
229,0,1,0,0,0,0,CC,TG,CC,TT,AA,AA
230,0,2,1,0,0,0,CC,TT,TC,TT,AA,AA
231,0,0,0,0,0,0,CC,GG,CC,TT,AA,AA
232,0,2,0,0,0,0,CC,TT,CC,TT,AA,AA
233,0,2,2,0,0,0,CC,TT,TT,TT,AA,AA
234,0,2,0,0,0,1,CC,TT,CC,TT,AA,CA
235,0,2,0,0,0,0,CC,TT,CC,TT,AA,AA
236,0,2,0,0,0,1,CC,TT,CC,TT,AA,CA
237,1,1,2,0,0,0,AC,TG,TT,TT,AA,AA
238,0,2,1,0,0,1,CC,TT,TC,TT,AA,CA
239,0,0,0,0,0,1,CC,GG,CC,TT,AA,CA
241,1,0,1,0,0,1,AC,GG,TC,TT,AA,CA
242,0,2,0,0,0,0,CC,TT,CC,TT,AA,AA
243,0,1,0,0,0,2,CC,TG,CC,TT,AA,CC
244,1,0,0,0,0,0,AC,GG,CC,TT,AA,AA
245,0,1,0,0,0,0,CC,TG,CC,TT,AA,AA
246,0,1,0,0,0,1,CC,TG,CC,TT,AA,CA
247,2,0,1,0,0,1,AA,GG,TC,TT,AA,CA
249,2,0,0,0,0,0,AA,GG,CC,TT,AA,AA
250,0,1,0,0,0,1,CC,TG,CC,TT,AA,CA
251,0,1,0,0,0,1,CC,TG,CC,TT,AA,CA
252,0,1,1,0,0,0,CC,TG,TC,TT,AA,AA
253,0,2,1,0,0,1,CC,TT,TC,TT,AA,CA
254,0,0,0,0,0,1,CC,GG,CC,TT,AA,CA
256,1,0,1,0,0,1,AC,GG,TC,TT,AA,CA
259,0,2,1,0,0,2,CC,TT,TC,TT,AA,CC
260,0,0,0,0,0,1,CC,GG,CC,TT,AA,CA
262,0,0,0,0,0,0,CC,GG,CC,TT,AA,AA
264,0,0,0,0,0,0,CC,GG,CC,TT,AA,AA
266,0,0,0,0,0,1,CC,GG,CC,TT,AA,CA
267,0,1,1,0,0,1,CC,TG,TC,TT,AA,CA
271,1,2,0,0,0,0,AC,TT,CC,TT,AA,AA
274,0,1,0,0,0,1,CC,TG,CC,TT,AA,CA
275,0,1,1,0,0,1,CC,TG,TC,TT,AA,CA
276,0,2,1,0,0,0,CC,TT,TC,TT,AA,AA
278,2,2,2,0,0,0,AA,TT,TT,TT,AA,AA
279,0,2,1,0,0,1,CC,TT,TC,TT,AA,CA
280,0,0,0,0,0,1,CC,GG,CC,TT,AA,CA
283,0,1,0,0,0,0,CC,TG,CC,TT,AA,AA
284,1,1,0,0,0,0,AC,TG,CC,TT,AA,AA
285,0,2,1,0,0,1,CC,TT,TC,TT,AA,CA
287,0,1,0,0,0,0,CC,TG,CC,TT,AA,AA
288,0,0,0,0,0,0,CC,GG,CC,TT,AA,AA
289,0,1,0,0,0,1,CC,TG,CC,TT,AA,CA
290,0,0,0,0,0,1,CC,GG,CC,TT,AA,CA
291,1,0,0,0,0,1,AC,GG,CC,TT,AA,CA
292,2,2,1,0,0,0,AA,TT,TC,TT,AA,AA
293,0,2,1,0,0,1,CC,TT,TC,TT,AA,CA
295,0,0,0,0,0,0,CC,GG,CC,TT,AA,AA
296,0,0,0,0,0,1,CC,GG,CC,TT,AA,CA
297,0,1,1,0,0,1,CC,TG,TC,TT,AA,CA
298,1,0,0,0,0,1,AC,GG,CC,TT,AA,CA
299,0,1,0,0,0,1,CC,TG,CC,TT,AA,CA
300,1,0,0,0,0,0,AC,GG,CC,TT,AA,AA
301,1,2,1,0,0,0,AC,TT,TC,TT,AA,AA
302,1,1,1,0,0,1,AC,TG,TC,TT,AA,CA
304,0,1,0,0,0,0,CC,TG,CC,TT,AA,AA
305,0,1,0,0,0,1,CC,TG,CC,TT,AA,CA
306,1,2,1,0,0,0,AC,TT,TC,TT,AA,AA
307,0,1,0,0,0,1,CC,TG,CC,TT,AA,CA
310,0,1,1,0,0,1,CC,TG,TC,TT,AA,CA
311,0,0,0,0,0,0,CC,GG,CC,TT,AA,AA
313,0,1,0,0,0,1,CC,TG,CC,TT,AA,CA
314,0,1,1,0,0,1,CC,TG,TC,TT,AA,CA
315,0,1,1,0,0,0,CC,TG,TC,TT,AA,AA
317,0,0,0,0,0,0,CC,GG,CC,TT,AA,AA
324,0,1,0,0,0,1,CC,TG,CC,TT,AA,CA
325,0,0,0,0,0,1,CC,GG,CC,TT,AA,CA
326,0,0,0,0,0,1,CC,GG,CC,TT,AA,CA
327,0,2,1,0,0,1,CC,TT,TC,TT,AA,CA
328,0,0,0,0,0,0,CC,GG,CC,TT,AA,AA
329,0,0,0,0,0,1,CC,GG,CC,TT,AA,CA
330,0,0,0,0,0,0,CC,GG,CC,TT,AA,AA
331,1,0,0,0,0,0,AC,GG,CC,TT,AA,AA
332,0,0,0,0,0,0,CC,GG,CC,TT,AA,AA
334,0,2,2,0,0,1,CC,TT,TT,TT,AA,CA
339,0,2,0,0,0,0,CC,TT,CC,TT,AA,AA
342,1,0,0,0,0,0,AC,GG,CC,TT,AA,AA
343,0,0,0,0,0,0,CC,GG,CC,TT,AA,AA
345,0,2,0,0,0,1,CC,TT,CC,TT,AA,CA
348,2,2,1,0,0,1,AA,TT,TC,TT,AA,CA
349,1,0,0,0,0,0,AC,GG,CC,TT,AA,AA
350,1,1,1,0,0,0,AC,TG,TC,TT,AA,AA
353,0,1,1,0,0,0,CC,TG,TC,TT,AA,AA
355,0,0,0,0,0,1,CC,GG,CC,TT,AA,CA
356,0,1,1,0,0,0,CC,TG,TC,TT,AA,AA
357,0,1,0,0,0,1,CC,TG,CC,TT,AA,CA
358,0,0,0,0,0,1,CC,GG,CC,TT,AA,CA
359,0,0,0,0,0,0,CC,GG,CC,TT,AA,AA
360,0,0,0,0,0,1,CC,GG,CC,TT,AA,CA
363,0,0,0,0,0,2,CC,GG,CC,TT,AA,CC
365,0,1,0,0,0,1,CC,TG,CC,TT,AA,CA
366,0,1,0,1,0,1,CC,TG,CC,AT,AA,CA
367,2,1,1,0,0,0,AA,TG,TC,TT,AA,AA
368,0,0,0,0,0,1,CC,GG,CC,TT,AA,CA
369,1,1,1,0,0,1,AC,TG,TC,TT,AA,CA
373,2,1,0,0,0,0,AA,TG,CC,TT,AA,AA
374,0,1,0,0,0,1,CC,TG,CC,TT,AA,CA
375,0,1,0,0,0,0,CC,TG,CC,TT,AA,AA
376,2,0,0,0,0,0,AA,GG,CC,TT,AA,AA
377,0,2,0,0,0,0,CC,TT,CC,TT,AA,AA
380,0,1,0,0,0,1,CC,TG,CC,TT,AA,CA
381,0,1,1,0,0,0,CC,TG,TC,TT,AA,AA
382,0,1,0,0,0,1,CC,TG,CC,TT,AA,CA
383,0,1,0,0,0,1,CC,TG,CC,TT,AA,CA
384,0,2,0,0,0,0,CC,TT,CC,TT,AA,AA
385,0,0,0,0,0,1,CC,GG,CC,TT,AA,CA
386,1,2,1,0,0,1,AC,TT,TC,TT,AA,CA
387,0,0,0,0,0,0,CC,GG,CC,TT,AA,AA
388,1,1,0,0,0,0,AC,TG,CC,TT,AA,AA
389,0,1,0,0,0,1,CC,TG,CC,TT,AA,CA
390,0,1,0,0,0,2,CC,TG,CC,TT,AA,CC
391,0,1,0,0,0,2,CC,TG,CC,TT,AA,CC
393,1,1,0,0,0,1,AC,TG,CC,TT,AA,CA
394,0,1,0,0,0,1,CC,TG,CC,TT,AA,CA
395,2,0,0,0,0,0,AA,GG,CC,TT,AA,AA
396,0,1,0,0,0,0,CC,TG,CC,TT,AA,AA
397,0,0,0,0,0,0,CC,GG,CC,TT,AA,AA
398,1,0,0,0,0,0,AC,GG,CC,TT,AA,AA
399,0,1,1,0,0,1,CC,TG,TC,TT,AA,CA
400,0,1,0,0,0,1,CC,TG,CC,TT,AA,CA
401,0,0,0,0,0,2,CC,GG,CC,TT,AA,CC
402,1,0,0,1,0,2,AC,GG,CC,AT,AA,CC
403,0,0,0,0,0,1,CC,GG,CC,TT,AA,CA
404,0,2,0,0,0,0,CC,TT,CC,TT,AA,AA
405,0,2,0,0,0,1,CC,TT,CC,TT,AA,CA
406,0,1,0,0,0,1,CC,TG,CC,TT,AA,CA
407,0,1,0,0,0,1,CC,TG,CC,TT,AA,CA
408,0,0,0,0,1,2,CC,GG,CC,TT,GA,CC
409,0,0,0,0,0,0,CC,GG,CC,TT,AA,AA
410,0,1,0,1,0,1,CC,TG,CC,AT,AA,CA
411,0,1,0,0,0,1,CC,TG,CC,TT,AA,CA
412,0,2,1,0,0,0,CC,TT,TC,TT,AA,AA
413,1,1,0,0,0,0,AC,TG,CC,TT,AA,AA
414,1,1,1,0,0,0,AC,TG,TC,TT,AA,AA
417,2,1,1,0,0,0,AA,TG,TC,TT,AA,AA
418,0,0,0,0,0,1,CC,GG,CC,TT,AA,CA
419,1,0,0,0,0,1,AC,GG,CC,TT,AA,CA
421,0,2,0,0,0,1,CC,TT,CC,TT,AA,CA
422,2,1,0,0,0,1,AA,TG,CC,TT,AA,CA
423,0,1,1,0,0,1,CC,TG,TC,TT,AA,CA
424,1,1,1,1,0,0,AC,TG,TC,AT,AA,AA
425,0,1,1,0,1,0,CC,TG,TC,TT,GA,AA
426,1,2,1,0,0,0,AC,TT,TC,TT,AA,AA
427,0,0,0,0,0,0,CC,GG,CC,TT,AA,AA
428,0,0,0,0,0,1,CC,GG,CC,TT,AA,CA
429,0,1,0,1,0,1,CC,TG,CC,AT,AA,CA
430,1,1,0,0,0,0,AC,TG,CC,TT,AA,AA
431,0,0,0,1,0,0,CC,GG,CC,AT,AA,AA
432,1,2,1,0,0,2,AC,TT,TC,TT,AA,CC
433,0,1,0,0,0,0,CC,TG,CC,TT,AA,AA
434,0,1,0,0,0,0,CC,TG,CC,TT,AA,AA
435,0,0,0,0,0,1,CC,GG,CC,TT,AA,CA
436,0,1,0,0,0,1,CC,TG,CC,TT,AA,CA
437,0,1,0,0,0,1,CC,TG,CC,TT,AA,CA
438,1,0,0,0,0,0,AC,GG,CC,TT,AA,AA
439,0,1,0,0,0,1,CC,TG,CC,TT,AA,CA
440,0,1,1,0,1,1,CC,TG,TC,TT,GA,CA
441,1,1,0,0,0,1,AC,TG,CC,TT,AA,CA
442,2,1,0,0,0,1,AA,TG,CC,TT,AA,CA
443,0,0,0,0,0,1,CC,GG,CC,TT,AA,CA
444,1,0,0,0,0,0,AC,GG,CC,TT,AA,AA
445,1,1,0,0,0,1,AC,TG,CC,TT,AA,CA
446,0,0,0,0,0,0,CC,GG,CC,TT,AA,AA
447,2,1,0,0,0,1,AA,TG,CC,TT,AA,CA
448,0,1,0,0,0,0,CC,TG,CC,TT,AA,AA
449,0,0,0,0,0,0,CC,GG,CC,TT,AA,AA
450,0,0,0,0,0,0,CC,GG,CC,TT,AA,AA
451,0,1,0,0,0,1,CC,TG,CC,TT,AA,CA
452,0,0,0,0,0,1,CC,GG,CC,TT,AA,CA
453,0,1,1,0,0,2,CC,TG,TC,TT,AA,CC
454,1,0,0,0,0,1,AC,GG,CC,TT,AA,CA
455,0,2,1,1,1,1,CC,TT,TC,AT,GA,CA
456,0,2,0,0,0,1,CC,TT,CC,TT,AA,CA
457,1,0,0,0,0,0,AC,GG,CC,TT,AA,AA
458,1,0,0,0,0,2,AC,GG,CC,TT,AA,CC
459,0,2,1,0,0,1,CC,TT,TC,TT,AA,CA
460,1,0,0,0,0,1,AC,GG,CC,TT,AA,CA
461,1,1,0,0,0,0,AC,TG,CC,TT,AA,AA
462,0,1,1,0,0,0,CC,TG,TC,TT,AA,AA
463,0,1,0,0,0,0,CC,TG,CC,TT,AA,AA
464,0,1,0,0,0,2,CC,TG,CC,TT,AA,CC
465,0,1,1,1,0,0,CC,TG,TC,AT,AA,AA
466,0,2,0,0,0,0,CC,TT,CC,TT,AA,AA
467,0,1,0,0,0,1,CC,TG,CC,TT,AA,CA
468,1,1,0,0,0,0,AC,TG,CC,TT,AA,AA
469,0,0,0,0,0,0,CC,GG,CC,TT,AA,AA
471,0,0,0,0,0,0,CC,GG,CC,TT,AA,AA
472,0,1,0,0,0,1,CC,TG,CC,TT,AA,CA
473,1,1,1,0,0,1,AC,TG,TC,TT,AA,CA
474,1,0,0,0,0,0,AC,GG,CC,TT,AA,AA
475,0,1,0,0,0,0,CC,TG,CC,TT,AA,AA
476,1,1,1,0,0,1,AC,TG,TC,TT,AA,CA
477,0,2,2,2,1,1,CC,TT,TT,AA,GA,CA
478,0,2,0,0,0,0,CC,TT,CC,TT,AA,AA
480,1,1,1,0,0,0,AC,TG,TC,TT,AA,AA
481,0,2,1,1,0,1,CC,TT,TC,AT,AA,CA
482,0,1,1,0,0,0,CC,TG,TC,TT,AA,AA
483,0,2,0,0,0,0,CC,TT,CC,TT,AA,AA
484,0,1,1,0,0,0,CC,TG,TC,TT,AA,AA
485,2,0,0,0,0,1,AA,GG,CC,TT,AA,CA
486,0,1,1,0,0,1,CC,TG,TC,TT,AA,CA
487,0,0,0,0,0,0,CC,GG,CC,TT,AA,AA
489,0,0,0,0,0,0,CC,GG,CC,TT,AA,AA
490,0,1,0,0,0,1,CC,TG,CC,TT,AA,CA
491,1,0,0,0,0,1,AC,GG,CC,TT,AA,CA
492,1,0,0,0,0,0,AC,GG,CC,TT,AA,AA
493,1,2,0,0,0,1,AC,TT,CC,TT,AA,CA
494,1,0,0,1,0,0,AC,GG,CC,AT,AA,AA
495,2,0,0,0,0,0,AA,GG,CC,TT,AA,AA
496,0,0,0,0,0,0,CC,GG,CC,TT,AA,AA
499,0,1,1,0,1,1,CC,TG,TC,TT,GA,CA
500,0,0,0,0,0,0,CC,GG,CC,TT,AA,AA
501,0,0,0,0,0,0,CC,GG,CC,TT,AA,AA
502,0,0,0,0,0,1,CC,GG,CC,TT,AA,CA
503,0,0,0,0,0,1,CC,GG,CC,TT,AA,CA
504,0,0,0,1,0,0,CC,GG,CC,AT,AA,AA
505,0,0,0,0,0,0,CC,GG,CC,TT,AA,AA
506,1,0,0,0,0,1,AC,GG,CC,TT,AA,CA
507,0,0,0,0,0,0,CC,GG,CC,TT,AA,AA
508,0,1,0,0,0,0,CC,TG,CC,TT,AA,AA
510,0,1,0,0,0,0,CC,TG,CC,TT,AA,AA
511,1,1,1,0,0,1,AC,TG,TC,TT,AA,CA
512,0,1,0,0,0,0,CC,TG,CC,TT,AA,AA
513,1,0,0,0,0,0,AC,GG,CC,TT,AA,AA
514,1,1,1,0,0,1,AC,TG,TC,TT,AA,CA
515,2,1,1,0,0,1,AA,TG,TC,TT,AA,CA
516,1,1,0,0,0,0,AC,TG,CC,TT,AA,AA
517,0,0,0,0,0,0,CC,GG,CC,TT,AA,AA
521,0,1,0,0,0,1,CC,TG,CC,TT,AA,CA
522,1,2,1,0,0,0,AC,TT,TC,TT,AA,AA
523,0,1,0,0,0,0,CC,TG,CC,TT,AA,AA
524,0,1,0,0,0,2,CC,TG,CC,TT,AA,CC
527,2,2,0,0,0,0,AA,TT,CC,TT,AA,AA
528,0,1,0,0,0,1,CC,TG,CC,TT,AA,CA
529,0,0,0,0,0,1,CC,GG,CC,TT,AA,CA
530,0,1,1,0,0,1,CC,TG,TC,TT,AA,CA
531,0,0,0,0,0,0,CC,GG,CC,TT,AA,AA
533,1,1,0,0,0,0,AC,TG,CC,TT,AA,AA
536,0,1,0,0,0,0,CC,TG,CC,TT,AA,AA
537,0,1,1,0,1,0,CC,TG,TC,TT,GA,AA
538,0,1,0,0,0,0,CC,TG,CC,TT,AA,AA
540,0,1,0,0,0,0,CC,TG,CC,TT,AA,AA
541,1,0,0,0,0,0,AC,GG,CC,TT,AA,AA
542,0,1,0,0,0,0,CC,TG,CC,TT,AA,AA
543,0,1,0,0,0,1,CC,TG,CC,TT,AA,CA
544,0,1,0,0,0,1,CC,TG,CC,TT,AA,CA
545,0,1,0,0,0,0,CC,TG,CC,TT,AA,AA
546,0,0,0,0,0,0,CC,GG,CC,TT,AA,AA
547,0,1,0,0,0,0,CC,TG,CC,TT,AA,AA
548,0,1,0,0,0,1,CC,TG,CC,TT,AA,CA
549,1,0,0,0,0,1,AC,GG,CC,TT,AA,CA
550,0,2,2,0,1,0,CC,TT,TT,TT,GA,AA
551,0,1,0,0,0,1,CC,TG,CC,TT,AA,CA
552,1,1,0,0,0,0,AC,TG,CC,TT,AA,AA
553,0,2,2,1,0,1,CC,TT,TT,AT,AA,CA
554,0,1,0,0,0,1,CC,TG,CC,TT,AA,CA
555,0,1,0,0,0,0,CC,TG,CC,TT,AA,AA
556,2,1,0,0,0,1,AA,TG,CC,TT,AA,CA
557,0,1,1,1,0,0,CC,TG,TC,AT,AA,AA
558,0,0,0,0,0,0,CC,GG,CC,TT,AA,AA
559,0,1,1,0,0,0,CC,TG,TC,TT,AA,AA
560,1,0,0,0,0,0,AC,GG,CC,TT,AA,AA
561,0,1,1,0,0,0,CC,TG,TC,TT,AA,AA
562,0,1,0,0,0,1,CC,TG,CC,TT,AA,CA
563,1,0,0,0,0,0,AC,GG,CC,TT,AA,AA
564,0,1,0,0,0,1,CC,TG,CC,TT,AA,CA
565,0,0,0,0,0,1,CC,GG,CC,TT,AA,CA
566,1,1,0,0,0,0,AC,TG,CC,TT,AA,AA
567,1,1,1,0,0,1,AC,TG,TC,TT,AA,CA
568,0,1,0,0,0,0,CC,TG,CC,TT,AA,AA
569,0,0,0,0,0,0,CC,GG,CC,TT,AA,AA
570,0,2,0,0,0,1,CC,TT,CC,TT,AA,CA
571,0,0,0,0,0,1,CC,GG,CC,TT,AA,CA
572,0,0,0,0,0,1,CC,GG,CC,TT,AA,CA
573,0,1,0,0,0,1,CC,TG,CC,TT,AA,CA
574,0,2,1,0,0,0,CC,TT,TC,TT,AA,AA
575,0,0,0,0,0,0,CC,GG,CC,TT,AA,AA
576,0,1,1,0,0,0,CC,TG,TC,TT,AA,AA
577,1,0,0,0,0,1,AC,GG,CC,TT,AA,CA
578,1,0,0,0,0,0,AC,GG,CC,TT,AA,AA
581,0,0,0,0,0,1,CC,GG,CC,TT,AA,CA
583,0,1,1,0,0,1,CC,TG,TC,TT,AA,CA
584,0,1,0,0,0,0,CC,TG,CC,TT,AA,AA
586,0,0,0,0,0,1,CC,GG,CC,TT,AA,CA
588,0,2,1,0,0,0,CC,TT,TC,TT,AA,AA
589,0,2,1,0,0,0,CC,TT,TC,TT,AA,AA
590,0,1,1,0,0,1,CC,TG,TC,TT,AA,CA
592,0,0,0,0,0,0,CC,GG,CC,TT,AA,AA
594,0,0,0,0,0,0,CC,GG,CC,TT,AA,AA
596,0,0,0,0,0,1,CC,GG,CC,TT,AA,CA
599,1,1,1,0,0,0,AC,TG,TC,TT,AA,AA
602,0,0,0,0,0,0,CC,GG,CC,TT,AA,AA
609,0,0,0,0,0,0,CC,GG,CC,TT,AA,AA
610,0,1,1,0,0,1,CC,TG,TC,TT,AA,CA
611,1,1,1,0,0,0,AC,TG,TC,TT,AA,AA
612,0,1,1,0,0,0,CC,TG,TC,TT,AA,AA
614,1,1,1,0,0,0,AC,TG,TC,TT,AA,AA
615,2,0,0,0,0,0,AA,GG,CC,TT,AA,AA
616,0,0,0,0,0,0,CC,GG,CC,TT,AA,AA
617,0,0,0,0,0,1,CC,GG,CC,TT,AA,CA
620,1,0,0,0,0,0,AC,GG,CC,TT,AA,AA
621,1,0,0,0,0,0,AC,GG,CC,TT,AA,AA
624,1,0,0,0,0,0,AC,GG,CC,TT,AA,AA
628,1,1,1,0,0,0,AC,TG,TC,TT,AA,AA
629,0,1,1,0,0,1,CC,TG,TC,TT,AA,CA
630,1,0,0,0,0,0,AC,GG,CC,TT,AA,AA
632,0,0,1,0,0,1,CC,GG,TC,TT,AA,CA
634,1,0,0,0,0,0,AC,GG,CC,TT,AA,AA
638,1,0,0,0,0,1,AC,GG,CC,TT,AA,CA
641,0,0,0,0,0,1,CC,GG,CC,TT,AA,CA
642,0,1,0,0,0,1,CC,TG,CC,TT,AA,CA
643,0,0,0,0,0,1,CC,GG,CC,TT,AA,CA
647,1,0,0,0,0,0,AC,GG,CC,TT,AA,AA
648,2,0,0,0,0,0,AA,GG,CC,TT,AA,AA
649,1,1,1,1,1,0,AC,TG,TC,AT,GA,AA
651,1,1,1,1,1,0,AC,TG,TC,AT,GA,AA
652,1,0,0,0,0,0,AC,GG,CC,TT,AA,AA
653,0,1,1,0,0,1,CC,TG,TC,TT,AA,CA
654,0,0,0,0,0,0,CC,GG,CC,TT,AA,AA
657,1,0,0,0,0,0,AC,GG,CC,TT,AA,AA
658,0,0,0,0,0,2,CC,GG,CC,TT,AA,CC
659,1,0,0,0,0,1,AC,GG,CC,TT,AA,CA
660,0,0,0,0,0,1,CC,GG,CC,TT,AA,CA
662,1,1,0,0,0,0,AC,TG,CC,TT,AA,AA
668,1,0,0,0,0,1,AC,GG,CC,TT,AA,CA
672,1,1,0,0,0,0,AC,TG,CC,TT,AA,AA
673,0,1,1,0,0,1,CC,TG,TC,TT,AA,CA
674,1,0,0,0,0,1,AC,GG,CC,TT,AA,CA
675,1,1,0,0,0,0,AC,TG,CC,TT,AA,AA
677,1,1,1,0,0,1,AC,TG,TC,TT,AA,CA
678,0,1,1,0,0,0,CC,TG,TC,TT,AA,AA
679,1,1,1,0,0,0,AC,TG,TC,TT,AA,AA
680,1,1,0,0,0,0,AC,TG,CC,TT,AA,AA
681,0,0,1,0,0,1,CC,GG,TC,TT,AA,CA
682,1,0,0,0,0,0,AC,GG,CC,TT,AA,AA
685,1,0,0,0,0,0,AC,GG,CC,TT,AA,AA
686,0,0,0,0,0,1,CC,GG,CC,TT,AA,CA
687,1,1,0,0,0,1,AC,TG,CC,TT,AA,CA
688,1,0,0,0,0,0,AC,GG,CC,TT,AA,AA
690,1,1,0,0,0,1,AC,TG,CC,TT,AA,CA
695,1,1,1,0,0,0,AC,TG,TC,TT,AA,AA
698,1,1,0,0,0,1,AC,TG,CC,TT,AA,CA
700,0,1,0,0,0,2,CC,TG,CC,TT,AA,CC
702,1,0,0,0,0,1,AC,GG,CC,TT,AA,CA
703,0,1,2,0,0,1,CC,TG,TT,TT,AA,CA
704,1,0,0,0,0,0,AC,GG,CC,TT,AA,AA
705,0,0,0,0,0,2,CC,GG,CC,TT,AA,CC
706,0,1,0,0,0,1,CC,TG,CC,TT,AA,CA
707,1,1,0,0,0,0,AC,TG,CC,TT,AA,AA
708,0,2,0,0,0,1,CC,TT,CC,TT,AA,CA
709,1,0,0,1,0,1,AC,GG,CC,AT,AA,CA
710,0,1,1,0,0,2,CC,TG,TC,TT,AA,CC
711,1,1,0,0,0,2,AC,TG,CC,TT,AA,CC
712,0,1,0,0,0,1,CC,TG,CC,TT,AA,CA
713,1,1,0,0,0,0,AC,TG,CC,TT,AA,AA
714,0,1,0,0,1,1,CC,TG,CC,TT,GA,CA
715,1,1,0,0,0,1,AC,TG,CC,TT,AA,CA
716,0,0,0,0,0,2,CC,GG,CC,TT,AA,CC
717,1,2,1,0,0,1,AC,TT,TC,TT,AA,CA
718,1,0,0,0,0,1,AC,GG,CC,TT,AA,CA
719,0,0,0,0,0,1,CC,GG,CC,TT,AA,CA
720,0,0,0,0,0,0,CC,GG,CC,TT,AA,AA
722,0,1,1,0,0,1,CC,TG,TC,TT,AA,CA
723,0,1,1,0,0,0,CC,TG,TC,TT,AA,AA
724,0,1,0,2,1,1,CC,TG,CC,AA,GA,CA
725,0,1,0,0,0,0,CC,TG,CC,TT,AA,AA
726,0,1,0,0,0,0,CC,TG,CC,TT,AA,AA
727,0,0,0,0,0,0,CC,GG,CC,TT,AA,AA
728,0,1,1,0,0,1,CC,TG,TC,TT,AA,CA
729,0,1,0,0,0,0,CC,TG,CC,TT,AA,AA
730,2,1,0,0,0,1,AA,TG,CC,TT,AA,CA
731,0,1,1,1,1,1,CC,TG,TC,AT,GA,CA
732,0,1,1,0,0,1,CC,TG,TC,TT,AA,CA
733,0,1,1,0,1,0,CC,TG,TC,TT,GA,AA
737,1,0,0,0,0,0,AC,GG,CC,TT,AA,AA
738,0,1,0,0,0,1,CC,TG,CC,TT,AA,CA
739,0,1,0,0,0,0,CC,TG,CC,TT,AA,AA
740,0,1,0,0,0,0,CC,TG,CC,TT,AA,AA
741,0,1,1,0,0,0,CC,TG,TC,TT,AA,AA
742,0,1,0,0,0,0,CC,TG,CC,TT,AA,AA
743,1,0,0,0,0,0,AC,GG,CC,TT,AA,AA
744,1,0,0,0,0,0,AC,GG,CC,TT,AA,AA
745,0,1,0,0,0,0,CC,TG,CC,TT,AA,AA
746,1,1,0,0,0,0,AC,TG,CC,TT,AA,AA
749,0,1,0,0,0,0,CC,TG,CC,TT,AA,AA
751,2,0,0,0,0,2,AA,GG,CC,TT,AA,CC
752,0,2,0,0,0,1,CC,TT,CC,TT,AA,CA
753,0,0,0,0,0,1,CC,GG,CC,TT,AA,CA
754,0,1,0,0,0,1,CC,TG,CC,TT,AA,CA
755,0,1,0,0,0,0,CC,TG,CC,TT,AA,AA
756,1,1,0,0,0,1,AC,TG,CC,TT,AA,CA
757,0,1,0,0,0,0,CC,TG,CC,TT,AA,AA
759,0,1,1,0,0,0,CC,TG,TC,TT,AA,AA
760,0,2,1,0,0,0,CC,TT,TC,TT,AA,AA
761,0,1,1,1,0,0,CC,TG,TC,AT,AA,AA
762,0,0,0,0,0,0,CC,GG,CC,TT,AA,AA
763,0,1,1,0,0,1,CC,TG,TC,TT,AA,CA
764,1,1,0,0,0,1,AC,TG,CC,TT,AA,CA
765,0,0,0,0,0,0,CC,GG,CC,TT,AA,AA
766,0,0,0,0,0,0,CC,GG,CC,TT,AA,AA
767,0,2,0,0,0,0,CC,TT,CC,TT,AA,AA
768,0,1,1,1,0,1,CC,TG,TC,AT,AA,CA
769,0,1,0,0,0,0,CC,TG,CC,TT,AA,AA
770,0,0,0,0,0,2,CC,GG,CC,TT,AA,CC
771,0,1,0,0,0,0,CC,TG,CC,TT,AA,AA
772,2,0,0,0,0,1,AA,GG,CC,TT,AA,CA
773,2,1,0,0,0,2,AA,TG,CC,TT,AA,CC
774,1,2,0,0,0,0,AC,TT,CC,TT,AA,AA
775,0,0,0,0,0,1,CC,GG,CC,TT,AA,CA
776,0,0,0,1,0,0,CC,GG,CC,AT,AA,AA
777,0,0,0,0,0,2,CC,GG,CC,TT,AA,CC
778,0,0,0,0,0,0,CC,GG,CC,TT,AA,AA
779,1,0,0,0,0,1,AC,GG,CC,TT,AA,CA
780,1,0,0,0,0,1,AC,GG,CC,TT,AA,CA
781,0,1,0,1,0,1,CC,TG,CC,AT,AA,CA
782,2,1,1,0,0,0,AA,TG,TC,TT,AA,AA
783,0,0,0,0,0,1,CC,GG,CC,TT,AA,CA
785,0,1,0,0,0,1,CC,TG,CC,TT,AA,CA
786,0,1,0,0,0,0,CC,TG,CC,TT,AA,AA
787,0,2,0,0,0,1,CC,TT,CC,TT,AA,CA
788,0,0,0,0,0,1,CC,GG,CC,TT,AA,CA
789,0,0,0,0,0,0,CC,GG,CC,TT,AA,AA
790,0,1,0,0,0,1,CC,TG,CC,TT,AA,CA
791,0,0,0,0,0,1,CC,GG,CC,TT,AA,CA
793,0,0,0,0,0,0,CC,GG,CC,TT,AA,AA
794,0,1,1,0,0,0,CC,TG,TC,TT,AA,AA
795,1,2,1,0,0,1,AC,TT,TC,TT,AA,CA
796,0,2,0,0,0,0,CC,TT,CC,TT,AA,AA
797,0,1,1,0,0,1,CC,TG,TC,TT,AA,CA
798,0,0,0,0,0,2,CC,GG,CC,TT,AA,CC
799,0,1,0,0,0,0,CC,TG,CC,TT,AA,AA
800,0,1,0,0,0,1,CC,TG,CC,TT,AA,CA
801,0,0,0,0,0,0,CC,GG,CC,TT,AA,AA
802,0,0,0,0,0,0,CC,GG,CC,TT,AA,AA
803,0,1,0,0,0,0,CC,TG,CC,TT,AA,AA
804,0,0,0,0,0,2,CC,GG,CC,TT,AA,CC
806,1,0,0,0,0,0,AC,GG,CC,TT,AA,AA
807,0,2,0,0,0,1,CC,TT,CC,TT,AA,CA
808,0,0,0,0,0,1,CC,GG,CC,TT,AA,CA
809,0,2,0,0,0,0,CC,TT,CC,TT,AA,AA
810,1,0,0,0,0,1,AC,GG,CC,TT,AA,CA
811,1,1,1,0,0,0,AC,TG,TC,TT,AA,AA
813,0,1,0,0,0,2,CC,TG,CC,TT,AA,CC
814,0,0,0,0,0,0,CC,GG,CC,TT,AA,AA
816,0,2,0,0,0,1,CC,TT,CC,TT,AA,CA
817,0,1,0,0,0,2,CC,TG,CC,TT,AA,CC
818,0,1,1,0,0,0,CC,TG,TC,TT,AA,AA
820,0,2,0,0,1,0,CC,TT,CC,TT,GA,AA
821,0,0,0,0,0,1,CC,GG,CC,TT,AA,CA
822,0,1,0,0,0,1,CC,TG,CC,TT,AA,CA
823,1,2,2,0,0,1,AC,TT,TT,TT,AA,CA
825,0,1,0,0,0,1,CC,TG,CC,TT,AA,CA
826,0,2,1,0,0,1,CC,TT,TC,TT,AA,CA
827,1,1,0,0,0,0,AC,TG,CC,TT,AA,AA
828,1,0,0,0,0,0,AC,GG,CC,TT,AA,AA
829,1,1,0,0,0,0,AC,TG,CC,TT,AA,AA
830,0,0,0,0,0,0,CC,GG,CC,TT,AA,AA
831,0,1,0,0,0,1,CC,TG,CC,TT,AA,CA
832,1,0,0,0,0,1,AC,GG,CC,TT,AA,CA
833,0,0,0,0,0,0,CC,GG,CC,TT,AA,AA
834,2,1,0,0,0,0,AA,TG,CC,TT,AA,AA
836,0,1,0,0,0,0,CC,TG,CC,TT,AA,AA
837,0,0,0,0,0,0,CC,GG,CC,TT,AA,AA
838,0,1,0,0,0,1,CC,TG,CC,TT,AA,CA
840,1,1,1,0,0,0,AC,TG,TC,TT,AA,AA
841,0,2,0,0,0,1,CC,TT,CC,TT,AA,CA
843,1,1,1,0,0,0,AC,TG,TC,TT,AA,AA
844,1,1,0,0,0,1,AC,TG,CC,TT,AA,CA
845,0,1,0,0,0,0,CC,TG,CC,TT,AA,AA
848,1,1,1,0,0,1,AC,TG,TC,TT,AA,CA
849,1,1,0,0,0,0,AC,TG,CC,TT,AA,AA
850,2,1,0,0,0,0,AA,TG,CC,TT,AA,AA
851,0,0,0,0,0,1,CC,GG,CC,TT,AA,CA
852,2,1,1,0,0,1,AA,TG,TC,TT,AA,CA
853,2,2,0,0,0,0,AA,TT,CC,TT,AA,AA
854,0,1,0,0,0,0,CC,TG,CC,TT,AA,AA
855,1,1,0,0,0,0,AC,TG,CC,TT,AA,AA
856,0,0,0,0,0,0,CC,GG,CC,TT,AA,AA
857,0,1,0,0,0,1,CC,TG,CC,TT,AA,CA
858,0,1,0,0,0,0,CC,TG,CC,TT,AA,AA
859,1,0,0,0,0,0,AC,GG,CC,TT,AA,AA
860,0,1,0,0,0,1,CC,TG,CC,TT,AA,CA
861,0,0,0,0,1,0,CC,GG,CC,TT,GA,AA
862,0,1,0,0,0,0,CC,TG,CC,TT,AA,AA
863,0,0,0,0,0,1,CC,GG,CC,TT,AA,CA
864,0,0,0,0,0,0,CC,GG,CC,TT,AA,AA
866,1,1,1,0,0,0,AC,TG,TC,TT,AA,AA
867,2,0,0,0,0,0,AA,GG,CC,TT,AA,AA
868,0,1,1,0,0,1,CC,TG,TC,TT,AA,CA
869,0,1,0,0,0,1,CC,TG,CC,TT,AA,CA
870,0,0,0,0,0,0,CC,GG,CC,TT,AA,AA
871,1,0,0,0,0,0,AC,GG,CC,TT,AA,AA
872,0,0,0,0,0,2,CC,GG,CC,TT,AA,CC
873,0,2,1,0,0,0,CC,TT,TC,TT,AA,AA
874,0,2,1,0,0,0,CC,TT,TC,TT,AA,AA
875,1,1,0,0,0,1,AC,TG,CC,TT,AA,CA
876,0,1,1,0,0,0,CC,TG,TC,TT,AA,AA
877,1,1,0,0,0,1,AC,TG,CC,TT,AA,CA
878,2,1,0,0,0,0,AA,TG,CC,TT,AA,AA
879,2,1,0,0,0,0,AA,TG,CC,TT,AA,AA
880,1,1,0,0,0,0,AC,TG,CC,TT,AA,AA
881,1,0,0,0,0,0,AC,GG,CC,TT,AA,AA
882,0,0,0,0,0,0,CC,GG,CC,TT,AA,AA
885,0,1,0,0,0,1,CC,TG,CC,TT,AA,CA
888,0,1,0,0,0,0,CC,TG,CC,TT,AA,AA
889,1,1,0,0,0,0,AC,TG,CC,TT,AA,AA
890,1,0,0,0,0,2,AC,GG,CC,TT,AA,CC
891,2,0,0,0,0,0,AA,GG,CC,TT,AA,AA
892,1,2,0,0,0,0,AC,TT,CC,TT,AA,AA
893,0,1,0,0,0,0,CC,TG,CC,TT,AA,AA
894,1,0,0,0,0,2,AC,GG,CC,TT,AA,CC
895,0,1,0,0,0,0,CC,TG,CC,TT,AA,AA
896,0,1,0,0,0,0,CC,TG,CC,TT,AA,AA
897,1,2,2,0,0,1,AC,TT,TT,TT,AA,CA
898,1,0,0,0,0,0,AC,GG,CC,TT,AA,AA
899,0,0,0,0,0,0,CC,GG,CC,TT,AA,AA
900,1,0,0,0,0,0,AC,GG,CC,TT,AA,AA
901,0,1,0,0,0,0,CC,TG,CC,TT,AA,AA
902,0,1,1,0,0,1,CC,TG,TC,TT,AA,CA
903,2,2,1,0,0,0,AA,TT,TC,TT,AA,AA
904,0,1,0,0,0,1,CC,TG,CC,TT,AA,CA
905,0,0,0,0,0,2,CC,GG,CC,TT,AA,CC
906,0,1,0,0,0,1,CC,TG,CC,TT,AA,CA
907,0,1,0,0,0,0,CC,TG,CC,TT,AA,AA
908,1,1,0,0,0,2,AC,TG,CC,TT,AA,CC
909,0,0,0,0,0,0,CC,GG,CC,TT,AA,AA
910,1,1,0,1,0,1,AC,TG,CC,AT,AA,CA
911,1,0,0,1,0,0,AC,GG,CC,AT,AA,AA
912,0,1,1,0,1,0,CC,TG,TC,TT,GA,AA
913,0,1,1,0,0,1,CC,TG,TC,TT,AA,CA
914,0,1,0,0,0,0,CC,TG,CC,TT,AA,AA
915,1,2,1,0,0,0,AC,TT,TC,TT,AA,AA
916,1,1,0,0,0,0,AC,TG,CC,TT,AA,AA
917,0,2,1,0,0,1,CC,TT,TC,TT,AA,CA
918,1,1,0,0,0,0,AC,TG,CC,TT,AA,AA
919,0,1,0,0,0,1,CC,TG,CC,TT,AA,CA
920,1,0,0,0,0,1,AC,GG,CC,TT,AA,CA
921,0,1,1,0,1,0,CC,TG,TC,TT,GA,AA
922,1,1,0,0,0,1,AC,TG,CC,TT,AA,CA
923,1,1,0,0,0,0,AC,TG,CC,TT,AA,AA
924,0,0,0,0,0,1,CC,GG,CC,TT,AA,CA
925,0,1,1,1,0,1,CC,TG,TC,AT,AA,CA
926,0,1,0,0,0,1,CC,TG,CC,TT,AA,CA
927,0,1,0,1,0,2,CC,TG,CC,AT,AA,CC
928,0,1,0,0,0,0,CC,TG,CC,TT,AA,AA
929,1,0,0,0,0,1,AC,GG,CC,TT,AA,CA
930,0,0,0,0,0,0,CC,GG,CC,TT,AA,AA
931,0,1,0,0,0,1,CC,TG,CC,TT,AA,CA
932,0,2,0,0,0,0,CC,TT,CC,TT,AA,AA
933,1,0,0,0,0,1,AC,GG,CC,TT,AA,CA
934,1,0,0,0,0,1,AC,GG,CC,TT,AA,CA
935,1,1,1,0,0,1,AC,TG,TC,TT,AA,CA
936,1,0,0,0,0,0,AC,GG,CC,TT,AA,AA
937,0,0,0,0,0,2,CC,GG,CC,TT,AA,CC
938,0,1,0,0,0,0,CC,TG,CC,TT,AA,AA
939,1,0,1,0,0,0,AC,GG,TC,TT,AA,AA
940,1,1,0,0,0,0,AC,TG,CC,TT,AA,AA
941,0,1,1,0,1,0,CC,TG,TC,TT,GA,AA
942,1,0,0,0,0,2,AC,GG,CC,TT,AA,CC
943,0,1,0,0,0,1,CC,TG,CC,TT,AA,CA
944,1,0,0,0,0,0,AC,GG,CC,TT,AA,AA
945,0,0,0,0,0,2,CC,GG,CC,TT,AA,CC
946,0,0,0,0,0,0,CC,GG,CC,TT,AA,AA
947,0,0,0,0,0,0,CC,GG,CC,TT,AA,AA
948,0,1,0,0,0,1,CC,TG,CC,TT,AA,CA
949,0,2,0,0,0,0,CC,TT,CC,TT,AA,AA
950,1,0,0,0,0,0,AC,GG,CC,TT,AA,AA
952,0,2,0,0,0,1,CC,TT,CC,TT,AA,CA
953,0,0,0,0,0,1,CC,GG,CC,TT,AA,CA
954,0,1,0,0,0,2,CC,TG,CC,TT,AA,CC
956,0,1,1,1,0,0,CC,TG,TC,AT,AA,AA
958,0,2,2,0,0,0,CC,TT,TT,TT,AA,AA
959,0,1,0,0,0,0,CC,TG,CC,TT,AA,AA
960,0,1,0,0,0,0,CC,TG,CC,TT,AA,AA
962,0,1,1,0,0,0,CC,TG,TC,TT,AA,AA
964,1,0,0,0,0,0,AC,GG,CC,TT,AA,AA
965,0,2,0,0,0,2,CC,TT,CC,TT,AA,CC
966,0,1,1,1,0,0,CC,TG,TC,AT,AA,AA
967,2,1,1,0,0,0,AA,TG,TC,TT,AA,AA
968,0,1,1,0,0,0,CC,TG,TC,TT,AA,AA
969,2,0,0,0,0,0,AA,GG,CC,TT,AA,AA
970,0,1,0,0,0,1,CC,TG,CC,TT,AA,CA
971,1,0,0,0,0,0,AC,GG,CC,TT,AA,AA
972,0,1,0,0,0,1,CC,TG,CC,TT,AA,CA
973,0,0,0,0,0,1,CC,GG,CC,TT,AA,CA
975,0,1,1,0,0,1,CC,TG,TC,TT,AA,CA
976,0,0,0,0,0,0,CC,GG,CC,TT,AA,AA
977,1,0,0,0,0,1,AC,GG,CC,TT,AA,CA
978,1,1,0,0,0,1,AC,TG,CC,TT,AA,CA
979,0,1,0,0,0,2,CC,TG,CC,TT,AA,CC
980,1,0,0,0,0,1,AC,GG,CC,TT,AA,CA
981,1,2,1,0,0,1,AC,TT,TC,TT,AA,CA
982,1,0,0,0,0,0,AC,GG,CC,TT,AA,AA
983,0,1,1,0,0,2,CC,TG,TC,TT,AA,CC
984,2,0,0,0,0,0,AA,GG,CC,TT,AA,AA
985,0,1,0,0,0,0,CC,TG,CC,TT,AA,AA
986,1,1,1,0,0,1,AC,TG,TC,TT,AA,CA
987,0,0,0,0,0,2,CC,GG,CC,TT,AA,CC
988,2,1,0,0,0,0,AA,TG,CC,TT,AA,AA
989,0,1,0,0,0,1,CC,TG,CC,TT,AA,CA
990,0,1,1,0,0,2,CC,TG,TC,TT,AA,CC
991,1,1,0,0,0,0,AC,TG,CC,TT,AA,AA
994,0,2,1,0,0,1,CC,TT,TC,TT,AA,CA
995,2,0,0,0,0,0,AA,GG,CC,TT,AA,AA
996,0,1,0,0,0,0,CC,TG,CC,TT,AA,AA
997,0,1,0,0,0,2,CC,TG,CC,TT,AA,CC
998,2,0,0,0,0,0,AA,GG,CC,TT,AA,AA
999,0,1,0,0,0,0,CC,TG,CC,TT,AA,AA
1000,0,1,0,0,0,1,CC,TG,CC,TT,AA,CA
1001,0,2,0,0,0,1,CC,TT,CC,TT,AA,CA
1002,0,1,0,0,0,0,CC,TG,CC,TT,AA,AA
1003,0,1,0,0,0,1,CC,TG,CC,TT,AA,CA
1004,0,2,0,0,0,0,CC,TT,CC,TT,AA,AA
1007,0,1,0,1,0,0,CC,TG,CC,AT,AA,AA
1008,1,1,1,0,0,2,AC,TG,TC,TT,AA,CC
1009,0,1,0,0,0,1,CC,TG,CC,TT,AA,CA
1010,1,0,0,1,0,0,AC,GG,CC,AT,AA,AA
1011,0,1,1,0,0,1,CC,TG,TC,TT,AA,CA
1012,0,2,0,0,0,2,CC,TT,CC,TT,AA,CC
1013,0,1,0,0,0,0,CC,TG,CC,TT,AA,AA
1014,2,1,0,0,0,1,AA,TG,CC,TT,AA,CA
1015,0,0,0,0,0,0,CC,GG,CC,TT,AA,AA
1016,0,0,0,0,0,1,CC,GG,CC,TT,AA,CA
1017,1,0,0,0,0,2,AC,GG,CC,TT,AA,CC
1018,1,0,0,0,0,1,AC,GG,CC,TT,AA,CA
1019,0,0,0,0,0,2,CC,GG,CC,TT,AA,CC
1021,0,1,1,2,0,2,CC,TG,TC,AA,AA,CC
1022,0,0,0,1,0,1,CC,GG,CC,AT,AA,CA
1023,1,0,0,0,0,0,AC,GG,CC,TT,AA,AA
1024,0,1,0,0,0,0,CC,TG,CC,TT,AA,AA
1025,0,0,0,0,0,1,CC,GG,CC,TT,AA,CA
1026,0,1,0,0,0,2,CC,TG,CC,TT,AA,CC
1029,1,1,1,1,0,2,AC,TG,TC,AT,AA,CC
1030,1,0,0,0,0,0,AC,GG,CC,TT,AA,AA
1031,2,2,0,0,0,1,AA,TT,CC,TT,AA,CA
1032,0,1,0,0,0,1,CC,TG,CC,TT,AA,CA
1033,0,2,0,1,1,0,CC,TT,CC,AT,GA,AA
1034,1,0,0,0,0,1,AC,GG,CC,TT,AA,CA
1035,0,1,0,0,0,2,CC,TG,CC,TT,AA,CC
1036,0,0,0,0,0,2,CC,GG,CC,TT,AA,CC
1037,0,1,0,0,0,1,CC,TG,CC,TT,AA,CA
1039,0,2,2,0,0,0,CC,TT,TT,TT,AA,AA
1041,0,0,0,0,0,1,CC,GG,CC,TT,AA,CA
1042,0,2,1,0,0,1,CC,TT,TC,TT,AA,CA
1043,0,0,0,0,0,1,CC,GG,CC,TT,AA,CA
1044,1,0,0,0,0,1,AC,GG,CC,TT,AA,CA
1046,2,2,0,0,0,1,AA,TT,CC,TT,AA,CA
1047,0,0,0,1,0,0,CC,GG,CC,AT,AA,AA
1048,0,0,0,0,0,0,CC,GG,CC,TT,AA,AA
1049,0,0,0,0,0,2,CC,GG,CC,TT,AA,CC
1050,0,1,0,0,0,1,CC,TG,CC,TT,AA,CA
1051,0,1,0,0,0,1,CC,TG,CC,TT,AA,CA
1052,0,1,0,0,0,0,CC,TG,CC,TT,AA,AA
1053,0,1,1,1,0,0,CC,TG,TC,AT,AA,AA
1054,0,0,0,0,0,1,CC,GG,CC,TT,AA,CA
1055,2,0,0,0,0,0,AA,GG,CC,TT,AA,AA
1056,0,1,0,0,0,1,CC,TG,CC,TT,AA,CA
1057,1,1,0,0,0,1,AC,TG,CC,TT,AA,CA
1058,0,1,1,0,0,1,CC,TG,TC,TT,AA,CA
1059,1,1,0,0,0,0,AC,TG,CC,TT,AA,AA
1060,1,1,1,0,0,2,AC,TG,TC,TT,AA,CC
1061,2,0,0,0,0,2,AA,GG,CC,TT,AA,CC
1062,0,0,0,0,0,0,CC,GG,CC,TT,AA,AA
1063,0,2,2,0,0,0,CC,TT,TT,TT,AA,AA
1064,0,1,0,0,0,0,CC,TG,CC,TT,AA,AA
1065,0,0,0,0,0,0,CC,GG,CC,TT,AA,AA
1066,0,1,1,0,0,0,CC,TG,TC,TT,AA,AA
1067,0,1,1,0,0,1,CC,TG,TC,TT,AA,CA
1068,0,1,1,0,0,1,CC,TG,TC,TT,AA,CA
1069,0,1,0,0,0,0,CC,TG,CC,TT,AA,AA
1070,0,2,0,0,0,1,CC,TT,CC,TT,AA,CA
1071,0,1,0,0,0,1,CC,TG,CC,TT,AA,CA
1072,0,1,1,1,1,0,CC,TG,TC,AT,GA,AA
1073,0,1,0,0,0,0,CC,TG,CC,TT,AA,AA
1074,0,1,0,0,0,2,CC,TG,CC,TT,AA,CC
1075,0,2,1,0,1,0,CC,TT,TC,TT,GA,AA
1077,0,1,0,0,0,0,CC,TG,CC,TT,AA,AA
1078,1,0,0,1,0,0,AC,GG,CC,AT,AA,AA
1079,2,2,0,0,0,0,AA,TT,CC,TT,AA,AA
1080,0,0,0,0,0,1,CC,GG,CC,TT,AA,CA
1081,0,1,0,0,0,0,CC,TG,CC,TT,AA,AA
1082,1,1,0,0,0,0,AC,TG,CC,TT,AA,AA
1083,0,1,1,0,0,1,CC,TG,TC,TT,AA,CA
1084,2,1,0,0,0,1,AA,TG,CC,TT,AA,CA
1085,0,1,0,0,0,0,CC,TG,CC,TT,AA,AA
1086,0,1,0,0,0,0,CC,TG,CC,TT,AA,AA
1087,0,0,0,0,0,1,CC,GG,CC,TT,AA,CA
1088,0,0,0,0,0,0,CC,GG,CC,TT,AA,AA
1089,1,1,1,0,0,0,AC,TG,TC,TT,AA,AA
1090,0,1,0,0,0,1,CC,TG,CC,TT,AA,CA
1093,1,0,0,0,0,0,AC,GG,CC,TT,AA,AA
1094,1,0,0,0,0,0,AC,GG,CC,TT,AA,AA
1095,0,1,0,0,0,1,CC,TG,CC,TT,AA,CA
1096,1,0,0,0,0,1,AC,GG,CC,TT,AA,CA
1097,1,1,0,0,0,0,AC,TG,CC,TT,AA,AA
1098,0,2,0,0,0,0,CC,TT,CC,TT,AA,AA
1099,0,1,1,0,0,0,CC,TG,TC,TT,AA,AA
1100,0,0,0,0,0,1,CC,GG,CC,TT,AA,CA
1101,0,1,1,0,0,0,CC,TG,TC,TT,AA,AA
1102,0,0,0,0,0,1,CC,GG,CC,TT,AA,CA
1103,1,0,0,0,0,1,AC,GG,CC,TT,AA,CA
1104,0,2,1,0,0,1,CC,TT,TC,TT,AA,CA
1105,0,1,0,0,1,1,CC,TG,CC,TT,GA,CA
1106,0,2,1,0,0,0,CC,TT,TC,TT,AA,AA
1107,0,0,0,0,0,0,CC,GG,CC,TT,AA,AA
1108,2,0,0,0,0,0,AA,GG,CC,TT,AA,AA
1109,0,0,0,0,0,0,CC,GG,CC,TT,AA,AA
1110,0,0,0,0,0,1,CC,GG,CC,TT,AA,CA
1111,2,1,0,0,0,0,AA,TG,CC,TT,AA,AA
1112,0,0,0,0,0,0,CC,GG,CC,TT,AA,AA
1113,0,2,2,0,0,1,CC,TT,TT,TT,AA,CA
1114,0,1,0,0,0,0,CC,TG,CC,TT,AA,AA
1115,0,0,0,0,0,0,CC,GG,CC,TT,AA,AA
1116,0,1,1,0,0,1,CC,TG,TC,TT,AA,CA
1118,1,2,2,0,0,0,AC,TT,TT,TT,AA,AA
1119,0,1,0,0,1,1,CC,TG,CC,TT,GA,CA
1120,0,0,0,0,0,0,CC,GG,CC,TT,AA,AA
1121,1,1,0,1,0,0,AC,TG,CC,AT,AA,AA
1122,0,0,0,0,0,0,CC,GG,CC,TT,AA,AA
1123,1,0,0,0,0,1,AC,GG,CC,TT,AA,CA
1124,0,1,1,0,0,1,CC,TG,TC,TT,AA,CA
1125,1,0,0,0,0,0,AC,GG,CC,TT,AA,AA
1126,0,2,0,0,0,0,CC,TT,CC,TT,AA,AA
1127,1,2,0,0,0,2,AC,TT,CC,TT,AA,CC
1129,1,1,1,0,0,1,AC,TG,TC,TT,AA,CA
1130,1,0,0,0,0,2,AC,GG,CC,TT,AA,CC
1131,0,1,0,0,0,1,CC,TG,CC,TT,AA,CA
1132,0,1,0,0,0,0,CC,TG,CC,TT,AA,AA
1133,0,0,0,1,0,2,CC,GG,CC,AT,AA,CC
1134,0,2,1,1,0,1,CC,TT,TC,AT,AA,CA
1135,2,0,0,0,0,1,AA,GG,CC,TT,AA,CA
1136,0,1,1,1,0,0,CC,TG,TC,AT,AA,AA
1137,0,2,0,0,0,0,CC,TT,CC,TT,AA,AA
1138,2,1,1,0,0,0,AA,TG,TC,TT,AA,AA
1139,0,1,1,1,0,2,CC,TG,TC,AT,AA,CC
1140,1,0,0,0,0,0,AC,GG,CC,TT,AA,AA
1141,1,1,0,0,0,0,AC,TG,CC,TT,AA,AA
1142,0,0,0,0,0,0,CC,GG,CC,TT,AA,AA
1143,0,1,1,0,0,1,CC,TG,TC,TT,AA,CA
1144,1,1,0,0,0,0,AC,TG,CC,TT,AA,AA
1145,0,1,0,0,0,1,CC,TG,CC,TT,AA,CA
1146,0,0,0,0,0,1,CC,GG,CC,TT,AA,CA
1147,0,1,1,0,0,2,CC,TG,TC,TT,AA,CC
1148,0,1,0,1,0,0,CC,TG,CC,AT,AA,AA
1150,1,2,0,0,0,0,AC,TT,CC,TT,AA,AA
1151,0,1,0,0,0,2,CC,TG,CC,TT,AA,CC
1152,1,2,0,0,0,1,AC,TT,CC,TT,AA,CA
1153,0,1,0,0,0,1,CC,TG,CC,TT,AA,CA
1154,0,0,0,0,0,1,CC,GG,CC,TT,AA,CA
1155,0,1,0,0,0,0,CC,TG,CC,TT,AA,AA
1156,1,1,1,0,0,0,AC,TG,TC,TT,AA,AA
1157,1,1,1,0,0,0,AC,TG,TC,TT,AA,AA
1158,2,2,0,1,0,0,AA,TT,CC,AT,AA,AA
1159,0,1,0,0,0,1,CC,TG,CC,TT,AA,CA
1160,0,0,0,0,0,0,CC,GG,CC,TT,AA,AA
1161,2,1,0,0,0,1,AA,TG,CC,TT,AA,CA
1162,1,2,1,0,0,1,AC,TT,TC,TT,AA,CA
1163,0,1,1,0,0,0,CC,TG,TC,TT,AA,AA
1164,0,0,0,0,0,0,CC,GG,CC,TT,AA,AA
1165,1,1,0,0,0,1,AC,TG,CC,TT,AA,CA
1167,0,0,0,0,0,0,CC,GG,CC,TT,AA,AA
1168,2,2,0,0,0,0,AA,TT,CC,TT,AA,AA
1169,0,0,0,0,0,1,CC,GG,CC,TT,AA,CA
1170,1,0,0,0,0,0,AC,GG,CC,TT,AA,AA
1171,1,2,0,0,0,1,AC,TT,CC,TT,AA,CA
1172,1,1,0,0,0,1,AC,TG,CC,TT,AA,CA
1173,1,0,0,1,0,1,AC,GG,CC,AT,AA,CA
1174,0,0,0,0,0,0,CC,GG,CC,TT,AA,AA
1175,0,1,0,0,0,1,CC,TG,CC,TT,AA,CA
1176,1,2,2,0,0,1,AC,TT,TT,TT,AA,CA
1177,1,0,0,0,0,0,AC,GG,CC,TT,AA,AA
1184,0,1,1,0,0,1,CC,TG,TC,TT,AA,CA
1185,1,0,0,0,0,0,AC,GG,CC,TT,AA,AA
1186,2,1,0,0,0,0,AA,TG,CC,TT,AA,AA
1187,0,0,0,0,0,0,CC,GG,CC,TT,AA,AA
1189,0,0,0,0,0,0,CC,GG,CC,TT,AA,AA
1190,1,1,0,0,0,1,AC,TG,CC,TT,AA,CA
1192,0,1,0,0,0,0,CC,TG,CC,TT,AA,AA
1193,0,1,1,0,0,1,CC,TG,TC,TT,AA,CA
1194,1,1,0,0,0,0,AC,TG,CC,TT,AA,AA
1195,0,0,0,0,0,0,CC,GG,CC,TT,AA,AA
1196,2,0,0,0,0,1,AA,GG,CC,TT,AA,CA
1197,0,0,0,0,0,0,CC,GG,CC,TT,AA,AA
1198,0,1,1,0,0,1,CC,TG,TC,TT,AA,CA
1199,0,1,0,0,0,1,CC,TG,CC,TT,AA,CA
1200,2,0,0,0,0,1,AA,GG,CC,TT,AA,CA
1205,0,1,0,0,0,1,CC,TG,CC,TT,AA,CA
1206,1,1,1,0,0,1,AC,TG,TC,TT,AA,CA
1207,0,0,0,0,0,0,CC,GG,CC,TT,AA,AA
1209,0,1,0,0,0,1,CC,TG,CC,TT,AA,CA
1210,0,0,0,0,0,1,CC,GG,CC,TT,AA,CA
1211,0,0,0,0,0,1,CC,GG,CC,TT,AA,CA
1212,0,0,0,0,0,1,CC,GG,CC,TT,AA,CA
1213,2,1,0,0,0,0,AA,TG,CC,TT,AA,AA
1215,0,0,0,0,0,0,CC,GG,CC,TT,AA,AA
1216,0,0,0,0,0,1,CC,GG,CC,TT,AA,CA
1218,1,0,0,0,0,0,AC,GG,CC,TT,AA,AA
1221,1,0,0,0,0,0,AC,GG,CC,TT,AA,AA
1222,0,0,0,0,0,0,CC,GG,CC,TT,AA,AA
1223,0,2,2,0,0,2,CC,TT,TT,TT,AA,CC
1224,0,0,0,0,0,1,CC,GG,CC,TT,AA,CA
1226,0,0,0,0,0,0,CC,GG,CC,TT,AA,AA
1227,1,2,2,0,0,0,AC,TT,TT,TT,AA,AA
1228,0,0,0,0,0,0,CC,GG,CC,TT,AA,AA
1230,1,1,1,0,0,2,AC,TG,TC,TT,AA,CC
1232,1,2,2,0,0,0,AC,TT,TT,TT,AA,AA
1233,0,1,0,0,0,1,CC,TG,CC,TT,AA,CA
1238,0,0,0,0,0,0,CC,GG,CC,TT,AA,AA
1239,0,0,0,0,0,0,CC,GG,CC,TT,AA,AA
1240,1,1,0,1,0,1,AC,TG,CC,AT,AA,CA
1242,2,0,0,0,0,0,AA,GG,CC,TT,AA,AA
1243,1,0,0,0,0,0,AC,GG,CC,TT,AA,AA
1244,2,0,0,0,0,0,AA,GG,CC,TT,AA,AA
1246,2,0,0,0,0,0,AA,GG,CC,TT,AA,AA
1248,2,0,0,0,0,0,AA,GG,CC,TT,AA,AA
1250,2,1,0,0,0,1,AA,TG,CC,TT,AA,CA
1252,2,0,0,0,0,1,AA,GG,CC,TT,AA,CA
1254,1,0,0,0,0,0,AC,GG,CC,TT,AA,AA
1256,2,1,0,0,0,0,AA,TG,CC,TT,AA,AA
1259,1,1,0,0,0,0,AC,TG,CC,TT,AA,AA
1261,2,1,0,0,0,0,AA,TG,CC,TT,AA,AA
1263,1,0,0,0,0,0,AC,GG,CC,TT,AA,AA
1264,2,0,0,0,0,0,AA,GG,CC,TT,AA,AA
1265,1,1,0,0,0,0,AC,TG,CC,TT,AA,AA
1266,1,1,1,0,0,0,AC,TG,TC,TT,AA,AA
1268,0,0,0,1,0,0,CC,GG,CC,AT,AA,AA
1271,1,1,0,0,0,0,AC,TG,CC,TT,AA,AA
1272,1,1,0,0,0,0,AC,TG,CC,TT,AA,AA
1274,1,0,0,0,0,0,AC,GG,CC,TT,AA,AA
1275,1,0,0,0,0,0,AC,GG,CC,TT,AA,AA
1276,0,1,0,0,0,0,CC,TG,CC,TT,AA,AA
1278,1,0,0,0,0,0,AC,GG,CC,TT,AA,AA
1280,2,0,0,0,0,0,AA,GG,CC,TT,AA,AA
1282,1,1,1,0,0,0,AC,TG,TC,TT,AA,AA
1284,2,1,0,0,0,0,AA,TG,CC,TT,AA,AA
1288,2,1,0,0,0,1,AA,TG,CC,TT,AA,CA
1291,2,2,2,0,0,0,AA,TT,TT,TT,AA,AA
1292,0,1,1,0,0,0,CC,TG,TC,TT,AA,AA
1294,0,1,0,0,0,1,CC,TG,CC,TT,AA,CA
1296,0,1,1,0,0,0,CC,TG,TC,TT,AA,AA
1299,1,2,1,0,0,0,AC,TT,TC,TT,AA,AA
1301,0,0,0,0,0,0,CC,GG,CC,TT,AA,AA
1302,0,0,0,0,0,0,CC,GG,CC,TT,AA,AA
